Stock,Ticker,Close,Adj_Close,RSI,Vol_Spike,Action,1Y_Return_%,Rank
Reliance Infrastructure Ltd.,RELINFRA.NS,119.84,119.84,29.05,1.61,OVERSOLD,-25.71,1
Syngene International Ltd.,SYNGENE.NS,452.8,452.8,9.87,0.9,CONTRA BUY,-28.95,2
KPIT Technologies Ltd.,KPITTECH.NS,973.6,973.6,10.87,1.04,CONTRA BUY,-22.33,2
Berger Paints India Ltd.,BERGEPAINT.NS,458.65,458.65,20.12,5.72,CONTRA BUY,-17.96,2
Hexaware Technologies Ltd.,HEXT.NS,586.0,586.0,22.16,1.3,CONTRA BUY,-23.08,2
Onesource Specialty Pharma Ltd.,ONESOURCE.NS,1193.2,1193.2,22.53,0.4,CONTRA BUY,-26.66,2
Intellect Design Arena Ltd.,INTELLECT.NS,760.55,760.55,24.54,0.94,CONTRA BUY,-30.63,2
Five-Star Business Finance Ltd.,FIVESTAR.NS,440.0,440.0,27.71,0.79,CONTRA BUY,-24.69,2
Zensar Technolgies Ltd.,ZENSARTECH.NS,622.85,622.85,29.91,0.47,CONTRA BUY,-15.1,2
Firstsource Solutions Ltd.,FSL.NS,293.05,293.05,30.97,0.65,CONTRA BUY,-15.11,2
Newgen Software Technologies Ltd.,NEWGEN.NS,553.7,553.7,31.03,0.37,CONTRA BUY,-36.45,2
Coforge Ltd.,COFORGE.NS,1551.0,1551.0,33.09,1.43,CONTRA BUY,-18.96,2
Oracle Financial Services Software Ltd.,OFSS.NS,7342.0,7342.0,33.91,0.84,CONTRA BUY,-9.35,2
PNB Housing Finance Ltd.,PNBHOUSING.NS,854.75,854.75,33.91,0.97,CONTRA BUY,-4.97,2
HDFC Life Insurance Company Ltd.,HDFCLIFE.NS,703.95,703.95,34.23,0.75,CONTRA BUY,-7.25,2
Cyient Ltd.,CYIENT.NS,1083.9,1083.9,34.52,0.74,CONTRA BUY,-8.05,2
Info Edge (India) Ltd.,NAUKRI.NS,1194.3,1194.3,34.82,1.2,CONTRA BUY,-13.87,2
SBI Cards and Payment Services Ltd.,SBICARD.NS,765.9,765.9,35.42,0.62,CONTRA BUY,-13.31,2
Clean Science and Technology Ltd.,CLEAN.NS,797.35,797.35,36.69,2.35,CONTRA BUY,-11.31,2
Cipla Ltd.,CIPLA.NS,1342.1,1342.1,37.33,0.48,CONTRA BUY,-11.51,2
PB Fintech Ltd.,POLICYBZR.NS,1504.6,1504.6,37.34,1.63,CONTRA BUY,-19.38,2
Bharat Dynamics Ltd.,BDL.NS,1300.0,1300.0,37.77,0.75,CONTRA BUY,-14.77,2
Happiest Minds Technologies Ltd.,HAPPSTMNDS.NS,393.6,393.6,39.37,1.6,CONTRA BUY,-20.27,2
Shree Cement Ltd.,SHREECEM.NS,26525.0,26525.0,39.64,1.26,CONTRA BUY,-0.08,2
IIFL Finance Ltd.,IIFL.NS,525.6,525.6,28.2,0.24,BUY,-9.5,3
Persistent Systems Ltd.,PERSISTENT.NS,5872.5,5872.5,31.67,0.59,BUY,-8.15,3
One 97 Communications Ltd.,PAYTM.NS,1161.3,1161.3,33.46,1.09,BUY,-14.87,3
LTIMindtree Ltd.,LTIM.NS,5662.0,5662.0,35.76,0.8,BUY,-8.14,3
Laurus Labs Ltd.,LAURUSLABS.NS,966.35,966.35,36.1,0.53,BUY,-5.28,3
Maruti Suzuki India Ltd.,MARUTI.NS,15146.0,15146.0,36.1,0.74,BUY,-6.73,3
Anand Rathi Wealth Ltd.,ANANDRATHI.NS,2963.4,2963.4,37.96,0.67,BUY,1.32,3
Sagility Ltd.,SAGILITY.NS,49.0,49.0,38.34,0.54,BUY,-0.59,3
Canara Bank,CANBK.NS,146.83,146.83,39.1,0.64,BUY,-3.42,3
Hindustan Zinc Ltd.,HINDZINC.NS,617.7,617.7,40.36,0.31,BUILD,24.62,4
Punjab National Bank,PNB.NS,122.96,122.96,43.34,0.55,BUILD,-1.91,4
Tech Mahindra Ltd.,TECHM.NS,1644.6,1644.6,43.6,0.6,BUILD,7.02,4
Emcure Pharmaceuticals Ltd.,EMCURE.NS,1510.3,1510.3,46.78,0.75,BUILD,8.46,4
Muthoot Finance Ltd.,MUTHOOTFIN.NS,3882.0,3882.0,48.49,0.88,BUILD,2.7,4
Aditya Birla Capital Ltd.,ABCAPITAL.NS,353.75,353.75,48.79,1.06,BUILD,-0.56,4
AU Small Finance Bank Ltd.,AUBANK.NS,1001.15,1001.15,49.97,0.77,BUILD,5.05,4
H.E.G. Ltd.,HEG.NS,560.7,560.7,50.59,0.97,BUILD,7.83,4
India Cements Ltd.,INDIACEM.NS,465.45,465.45,52.63,0.54,BUILD,21.54,4
NLC India Ltd.,NLCINDIA.NS,258.35,258.35,52.79,0.67,BUILD,6.99,4
National Aluminium Co. Ltd.,NATIONALUM.NS,368.65,368.65,52.88,0.46,BUILD,39.03,4
Vedanta Ltd.,VEDL.NS,690.15,690.15,53.11,0.48,BUILD,28.19,4
Multi Commodity Exchange of India Ltd.,MCX.NS,2470.7,2470.7,53.66,0.64,BUILD,20.89,4
Nestle India Ltd.,NESTLEIND.NS,1308.6,1308.6,53.86,0.79,BUILD,3.95,4
Kotak Mahindra Bank Ltd.,KOTAKBANK.NS,429.3,429.3,54.08,0.97,BUILD,0.19,4
Union Bank of India,UNIONBANK.NS,179.26,179.26,54.44,0.4,BUILD,15.08,4
Eicher Motors Ltd.,EICHERMOT.NS,7296.0,7296.0,55.05,1.17,BUILD,2.58,4
Manappuram Finance Ltd.,MANAPPURAM.NS,308.95,308.95,55.35,0.97,BUILD,11.13,4
Lupin Ltd.,LUPIN.NS,2204.1,2204.1,55.57,0.87,BUILD,5.83,4
Alkem Laboratories Ltd.,ALKEM.NS,5811.5,5811.5,55.7,0.66,BUILD,3.07,4
IDFC First Bank Ltd.,IDFCFIRSTB.NS,83.77,83.77,55.77,0.68,BUILD,2.18,4
360 ONE WAM Ltd.,360ONE.NS,1162.4,1162.4,56.13,0.68,BUILD,-0.04,4
J.B. Chemicals & Pharmaceuticals Ltd.,JBCHEPHARM.NS,1923.1,1923.1,56.15,0.96,BUILD,8.99,4
MRF Ltd.,MRF.NS,148640.0,148640.0,56.42,1.44,BUILD,-3.8,4
Bank of India,BANKINDIA.NS,167.57,167.57,56.64,0.39,BUILD,14.99,4
Hindustan Copper Ltd.,HINDCOPPER.NS,597.55,597.55,56.75,0.28,BUILD,76.48,4
Inventurus Knowledge Solutions Ltd.,IKS.NS,1757.9,1757.9,57.03,1.11,BUILD,4.48,4
Hindalco Industries Ltd.,HINDALCO.NS,968.9,968.9,57.11,0.6,BUILD,20.08,4
Coal India Ltd.,COALINDIA.NS,430.95,430.95,57.67,0.57,BUILD,13.72,4
Torrent Pharmaceuticals Ltd.,TORNTPHARM.NS,4079.6,4079.6,58.2,0.68,BUILD,9.43,4
City Union Bank Ltd.,CUB.NS,287.05,287.05,58.6,0.39,BUILD,5.15,4
Graphite India Ltd.,GRAPHITE.NS,668.25,668.25,58.65,1.94,BUILD,22.72,4
Marico Ltd.,MARICO.NS,764.85,764.85,58.8,0.75,BUILD,6.62,4
Cholamandalam Investment and Finance Company Ltd.,CHOLAFIN.NS,1726.2,1726.2,59.38,0.71,BUILD,0.85,4
Mahindra & Mahindra Ltd.,M&M.NS,3675.8,3675.8,59.53,0.72,BUILD,-1.1,4
Craftsman Automation Ltd.,CRAFTSMAN.NS,7851.0,7851.0,59.67,0.42,BUILD,12.88,4
Axis Bank Ltd.,AXISBANK.NS,1356.7,1356.7,59.77,0.66,BUILD,7.85,4
Dabur India Ltd.,DABUR.NS,519.7,519.7,60.14,0.67,BUILD,2.31,4
Poonawalla Fincorp Ltd.,POONAWALLA.NS,485.9,485.9,60.2,2.07,BUILD,2.22,4
PTC Industries Ltd.,PTCIL.NS,18562.0,18562.0,60.39,0.91,BUILD,1.14,4
Indian Bank,INDIANB.NS,906.05,906.05,60.99,0.85,BUILD,5.42,4
Federal Bank Ltd.,FEDERALBNK.NS,282.25,282.25,61.0,0.4,BUILD,9.21,4
Navin Fluorine International Ltd.,NAVINFLUOR.NS,6338.0,6338.0,61.04,6.39,BUILD,9.53,4
IndusInd Bank Ltd.,INDUSINDBK.NS,927.6,927.6,61.09,0.56,BUILD,9.09,4
Bank of Maharashtra,MAHABANK.NS,67.04,67.04,61.13,0.76,BUILD,16.45,4
Nippon Life India Asset Management Ltd.,NAM-INDIA.NS,910.9,910.9,61.69,0.84,BUILD,8.71,4
Metropolis Healthcare Ltd.,METROPOLIS.NS,2005.6,2005.6,62.0,0.25,BUILD,3.42,4
Gujarat Mineral Development Corporation Ltd.,GMDCLTD.NS,605.35,605.35,62.19,1.05,BUILD,11.96,4
Hindustan Petroleum Corporation Ltd.,HINDPETRO.NS,461.25,461.25,62.24,0.48,BUILD,2.4,4
Bharat Electronics Ltd.,BEL.NS,437.3,437.3,62.62,0.49,BUILD,5.87,4
Shriram Finance Ltd.,SHRIRAMFIN.NS,1048.6,1048.6,62.76,0.66,BUILD,24.33,4
Sai Life Sciences Ltd.,SAILIFE.NS,917.6,917.6,63.26,1.53,BUILD,4.58,4
Adani Power Ltd.,ADANIPOWER.NS,149.05,149.05,63.39,0.79,BUILD,1.56,4
Fortis Healthcare Ltd.,FORTIS.NS,891.85,891.85,63.41,0.66,BUILD,-2.61,4
RBL Bank Ltd.,RBLBANK.NS,306.7,306.7,63.83,0.33,BUILD,1.47,4
Sundaram Finance Ltd.,SUNDARMFIN.NS,5321.0,5321.0,63.98,0.56,BUILD,12.27,4
TVS Motor Company Ltd.,TVSMOTOR.NS,3762.4,3762.4,64.04,1.0,BUILD,2.5,4
Godawari Power & Ispat Ltd.,GPIL.NS,260.21,260.21,64.04,2.25,BUILD,10.15,4
NMDC Steel Ltd.,NSLNISP.NS,42.49,42.49,64.23,0.8,BUILD,1.34,4
Sammaan Capital Ltd.,SAMMAANCAP.NS,147.23,147.23,64.35,0.45,BUILD,-1.85,4
NMDC Ltd.,NMDC.NS,85.07,85.07,64.44,1.55,BUILD,11.8,4
Adani Energy Solutions Ltd.,ADANIENSOL.NS,1016.75,1016.75,64.72,0.48,BUILD,4.07,4
Force Motors Ltd.,FORCEMOT.NS,23623.0,23623.0,65.14,1.91,BUILD,32.1,4
Ceat Ltd.,CEATLTD.NS,4006.7,4006.7,65.58,0.98,BUILD,2.5,4
Titan Company Ltd.,TITAN.NS,4269.1,4269.1,65.61,1.85,BUILD,9.86,4
IDBI Bank Ltd.,IDBI.NS,108.04,108.04,65.77,2.05,BUILD,8.3,4
Welspun Living Ltd.,WELSPUNLIV.NS,136.83,136.83,66.46,1.34,BUILD,0.33,4
Minda Corporation Ltd.,MINDACORP.NS,587.2,587.2,66.93,1.14,BUILD,-2.28,4
Escorts Kubota Ltd.,ESCORTS.NS,3823.6,3823.6,67.38,2.48,BUILD,1.77,4
Max Financial Services Ltd.,MFSL.NS,1747.2,1747.2,68.14,1.36,BUILD,3.27,4
Steel Authority of India Ltd.,SAIL.NS,160.99,160.99,68.5,1.1,BUILD,21.54,4
Oil India Ltd.,OIL.NS,488.85,488.85,68.62,0.29,BUILD,17.33,4
Vodafone Idea Ltd.,IDEA.NS,11.48,11.48,68.91,0.73,BUILD,13.33,4
CCL Products (I) Ltd.,CCL.NS,1031.05,1031.05,69.0,0.7,BUILD,4.22,4
Adani Ports and Special Economic Zone Ltd.,ADANIPORTS.NS,1554.7,1554.7,69.28,0.53,BUILD,2.41,4
Birlasoft Ltd.,BSOFT.NS,465.5,465.5,69.32,2.98,BUILD,14.95,4
Bharat Heavy Electricals Ltd.,BHEL.NS,276.1,276.1,69.44,0.61,BUILD,-3.29,4
State Bank of India,SBIN.NS,1144.1,1144.1,69.53,1.45,BUILD,18.28,4
Polycab India Ltd.,POLYCAB.NS,7742.5,7742.5,69.57,0.26,BUILD,5.38,4
Century Plyboards (India) Ltd.,CENTURYPLY.NS,802.55,802.55,69.66,0.7,BUILD,-1.88,4
Oil & Natural Gas Corporation Ltd.,ONGC.NS,272.15,272.15,69.89,0.7,BUILD,11.75,4
The Ramco Cements Ltd.,RAMCOCEM.NS,1168.5,1168.5,70.19,3.37,BUILD,14.28,4
JSW Steel Ltd.,JSWSTEEL.NS,1244.1,1244.1,70.26,0.65,BUILD,7.07,4
AIA Engineering Ltd.,AIAENG.NS,4108.4,4108.4,70.52,0.94,BUILD,6.48,4
Voltas Ltd.,VOLTAS.NS,1475.6,1475.6,70.7,1.9,BUILD,9.07,4
Star Health and Allied Insurance Company Ltd.,STARHEALTH.NS,468.75,468.75,71.03,0.45,BUILD,-2.2,4
NTPC Ltd.,NTPC.NS,366.9,366.9,71.31,0.72,BUILD,11.66,4
Tata Steel Ltd.,TATASTEEL.NS,208.01,208.01,71.66,2.36,BUILD,23.98,4
Kirloskar Oil Eng Ltd.,KIRLOSENG.NS,1264.7,1264.7,72.74,1.4,BUILD,13.57,4
Blue Star Ltd.,BLUESTARCO.NS,1948.3,1948.3,72.86,1.43,BUILD,11.62,4
Mahindra & Mahindra Financial Services Ltd.,M&MFIN.NS,392.8,392.8,72.9,1.48,BUILD,7.62,4
Grasim Industries Ltd.,GRASIM.NS,2953.9,2953.9,73.34,0.87,BUILD,8.0,4
Cummins India Ltd.,CUMMINSIND.NS,4418.3,4418.3,74.18,1.15,BUILD,-2.13,4
KEI Industries Ltd.,KEI.NS,4590.6,4590.6,74.4,0.39,BUILD,9.71,4
ZF Commercial Vehicle Control Systems India Ltd.,ZFCVINDIA.NS,15220.0,15220.0,74.44,0.52,BUILD,5.6,4
Ajanta Pharmaceuticals Ltd.,AJANTPHARM.NS,2891.3,2891.3,74.77,1.29,BUILD,11.69,4
Indus Towers Ltd.,INDUSTOWER.NS,459.15,459.15,75.28,1.72,BUILD,14.23,4
Bajaj Auto Ltd.,BAJAJ-AUTO.NS,9774.0,9774.0,75.34,1.18,BUILD,7.58,4
Bharat Petroleum Corporation Ltd.,BPCL.NS,386.35,386.35,77.21,0.41,BUILD,7.69,4
Bharat Forge Ltd.,BHARATFORG.NS,1614.0,1614.0,77.29,0.85,BUILD,13.55,4
BSE Ltd.,BSE.NS,3174.2,3174.2,77.57,3.71,BUILD,11.64,4
JK Tyre & Industries Ltd.,JKTYRE.NS,571.65,571.65,77.68,2.16,BUILD,25.8,4
3M India Ltd.,3MINDIA.NS,37635.0,37635.0,77.84,2.74,BUILD,8.3,4
Sona BLW Precision Forgings Ltd.,SONACOMS.NS,531.1,531.1,77.84,0.45,BUILD,4.88,4
Samvardhana Motherson International Ltd.,MOTHERSON.NS,129.43,129.43,78.05,3.31,BUILD,8.53,4
Larsen & Toubro Ltd.,LT.NS,4169.0,4169.0,79.04,0.86,BUILD,3.44,4
Chennai Petroleum Corporation Ltd.,CHENNPETRO.NS,918.8,918.8,79.22,0.29,BUILD,-1.5,4
Shipping Corporation of India Ltd.,SCI.NS,266.97,266.97,80.76,5.38,BUILD,16.51,4
Jindal Steel Ltd.,JINDALSTEL.NS,1191.4,1191.4,80.89,0.39,BUILD,15.8,4
Apar Industries Ltd.,APARINDS.NS,9468.5,9468.5,82.08,0.32,BUILD,6.38,4
Karur Vysya Bank Ltd.,KARURVYSYA.NS,325.5,325.5,84.3,0.55,BUILD,29.82,4
APL Apollo Tubes Ltd.,APLAPOLLO.NS,2238.7,2238.7,84.79,0.96,BUILD,29.06,4
FSN E-Commerce Ventures Ltd.,NYKAA.NS,280.69,280.69,85.21,1.64,BUILD,7.22,4
Hitachi Energy India Ltd.,POWERINDIA.NS,22457.0,22457.0,86.68,0.56,BUILD,-1.31,4
Indian Oil Corporation Ltd.,IOC.NS,178.21,178.21,86.68,1.45,BUILD,9.78,4
Ashok Leyland Ltd.,ASHOKLEY.NS,209.73,209.73,90.13,0.78,BUILD,31.08,4
GE Vernova T&D India Ltd.,GVT&D.NS,3614.8,3614.8,90.46,0.58,BUILD,26.74,4
Syrma SGS Technology Ltd.,SYRMA.NS,874.5,874.5,93.49,0.44,BUILD,9.98,4
Great Eastern Shipping Co. Ltd.,GESHIP.NS,1342.7,1342.7,97.94,1.51,BUILD,22.39,4
Mangalore Refinery & Petrochemicals Ltd.,MRPL.NS,194.7,194.7,98.7,0.42,BUILD,22.47,4
Infosys Ltd.,INFY.NS,1497.8,1497.8,20.4,0.94,HOLD,-4.05,99
Authum Investment & Infrastructure Ltd.,AIIL.NS,497.85,497.85,21.52,0.59,HOLD,-4.72,99
Asian Paints Ltd.,ASIANPAINT.NS,2393.6,2393.6,23.19,0.98,HOLD,-18.98,99
Hyundai Motor India Ltd.,HYUNDAI.NS,2180.8,2180.8,27.63,0.5,HOLD,-8.47,99
HCL Technologies Ltd.,HCLTECH.NS,1573.1,1573.1,28.21,1.14,HOLD,-3.82,99
MphasiS Ltd.,MPHASIS.NS,2614.1,2614.1,30.45,0.74,HOLD,-7.89,99
Varun Beverages Ltd.,VBL.NS,456.5,456.5,33.65,0.77,HOLD,-5.17,99
Wipro Ltd.,WIPRO.NS,231.47,231.47,37.99,0.83,HOLD,-7.47,99
Ola Electric Mobility Ltd.,OLAELEC.NS,31.18,31.18,40.11,0.99,EXIT,-22.13,99
Poly Medicure Ltd.,POLYMED.NS,1485.7,1485.7,40.16,1.84,EXIT,-22.83,99
Housing & Urban Development Corporation Ltd.,HUDCO.NS,193.91,193.91,40.19,0.52,EXIT,-17.87,99
Ipca Laboratories Ltd.,IPCALAB.NS,1426.2,1426.2,40.19,0.63,HOLD,-0.22,99
Tata Consultancy Services Ltd.,TCS.NS,2984.6,2984.6,40.37,0.98,EXIT,-4.82,99
C.E. Info Systems Ltd.,MAPMYINDIA.NS,1298.4,1298.4,40.63,1.45,EXIT,-25.16,99
eClerx Services Ltd.,ECLERX.NS,3985.0,3985.0,40.84,2.54,EXIT,-16.89,99
Kec International Ltd.,KEC.NS,622.0,622.0,41.9,0.9,EXIT,-12.68,99
Bank of Baroda,BANKBARODA.NS,290.35,290.35,42.05,0.79,HOLD,-2.21,99
Deepak Fertilisers & Petrochemicals Corp. Ltd.,DEEPAKFERT.NS,1069.5,1069.5,42.26,0.73,EXIT,-19.02,99
Dr. Agarwal's Health Care Ltd.,AGARWALEYE.NS,455.7,455.7,42.43,0.21,HOLD,-12.22,99
Tata Technologies Ltd.,TATATECH.NS,630.7,630.7,42.8,0.96,EXIT,-6.76,99
Honeywell Automation India Ltd.,HONAUT.NS,32185.0,32185.0,42.87,0.73,EXIT,-8.76,99
Bikaji Foods International Ltd.,BIKAJI.NS,674.15,674.15,42.94,1.03,EXIT,-3.78,99
SBFC Finance Ltd.,SBFC.NS,98.52,98.52,43.38,0.29,EXIT,-7.28,99
Indian Energy Exchange Ltd.,IEX.NS,126.14,126.14,43.58,0.86,EXIT,-15.08,99
Tata Consumer Products Ltd.,TATACONSUM.NS,1152.2,1152.2,43.83,0.63,HOLD,-0.86,99
Godrej Consumer Products Ltd.,GODREJCP.NS,1206.6,1206.6,43.9,0.43,HOLD,6.58,99
Aavas Financiers Ltd.,AAVAS.NS,1343.1,1343.1,43.91,0.48,EXIT,-11.33,99
Blue Jet Healthcare Ltd.,BLUEJET.NS,442.5,442.5,44.02,1.08,EXIT,-22.35,99
Reliance Power Ltd.,RPOWER.NS,28.46,28.46,44.02,0.62,EXIT,-26.84,99
Hindustan Aeronautics Ltd.,HAL.NS,4168.3,4168.3,44.07,0.59,EXIT,-7.55,99
Mankind Pharma Ltd.,MANKIND.NS,2073.1,2073.1,44.66,0.66,EXIT,-6.47,99
SBI Life Insurance Company Ltd.,SBILIFE.NS,2018.3,2018.3,44.69,0.48,HOLD,1.86,99
Yes Bank Ltd.,YESBANK.NS,21.4,21.4,44.79,0.52,HOLD,-5.77,99
Caplin Point Laboratories Ltd.,CAPLIPOINT.NS,1731.7,1731.7,44.82,2.58,EXIT,-9.78,99
Kajaria Ceramics Ltd.,KAJARIACER.NS,946.3,946.3,44.92,0.92,EXIT,-12.33,99
ITC Ltd.,ITC.NS,321.4,321.4,45.32,0.48,EXIT,-19.84,99
Kalyan Jewellers India Ltd.,KALYANKJIL.NS,433.9,433.9,45.51,2.2,EXIT,-13.45,99
ICICI Prudential Life Insurance Company Ltd.,ICICIPRULI.NS,643.0,643.0,45.66,0.97,HOLD,4.29,99
Tata Communications Ltd.,TATACOMM.NS,1676.8,1676.8,45.82,1.29,EXIT,-9.28,99
Choice International Ltd.,CHOICEIN.NS,780.55,780.55,45.99,2.44,HOLD,-0.53,99
Tata Chemicals Ltd.,TATACHEM.NS,715.8,715.8,46.01,1.9,EXIT,-9.37,99
Narayana Hrudayalaya Ltd.,NH.NS,1794.0,1794.0,46.01,1.74,EXIT,-6.09,99
Netweb Technologies India Ltd.,NETWEB.NS,3178.4,3178.4,46.32,0.63,HOLD,-1.3,99
Phoenix Mills Ltd.,PHOENIXLTD.NS,1758.7,1758.7,46.51,0.31,HOLD,1.59,99
Nuvama Wealth Management Ltd.,NUVAMA.NS,1386.0,1386.0,46.56,0.56,EXIT,-4.66,99
Afcons Infrastructure Ltd.,AFCONS.NS,345.65,345.65,46.62,0.85,EXIT,-16.64,99
JSW Infrastructure Ltd.,JSWINFRA.NS,265.35,265.35,46.99,0.63,EXIT,-2.77,99
Jyoti CNC Automation Ltd.,JYOTICNC.NS,825.65,825.65,47.13,2.86,EXIT,-16.54,99
CRISIL Ltd.,CRISIL.NS,4678.0,4678.0,47.13,0.51,EXIT,6.43,99
Motherson Sumi Wiring India Ltd.,MSUMI.NS,42.84,42.84,47.22,1.32,EXIT,-7.69,99
Jubilant Pharmova Ltd.,JUBLPHARMA.NS,936.4,936.4,47.34,0.68,EXIT,-14.75,99
NTPC Green Energy Ltd.,NTPCGREEN.NS,89.47,89.47,47.54,0.98,EXIT,-3.67,99
J.K. Cement Ltd.,JKCEMENT.NS,5822.0,5822.0,47.56,0.45,EXIT,0.43,99
Aurobindo Pharma Ltd.,AUROPHARMA.NS,1124.1,1124.1,47.65,5.22,EXIT,-7.5,99
NHPC Ltd.,NHPC.NS,76.95,76.95,48.04,1.45,EXIT,-0.43,99
Go Digit General Insurance Ltd.,GODIGIT.NS,321.35,321.35,48.09,0.37,EXIT,-7.24,99
Jubilant Ingrevia Ltd.,JUBLINGREA.NS,660.4,660.4,48.14,1.01,EXIT,-6.07,99
Lemon Tree Hotels Ltd.,LEMONTREE.NS,132.87,132.87,48.17,1.53,EXIT,-18.12,99
REC Ltd.,RECLTD.NS,355.8,355.8,48.35,0.87,EXIT,-0.46,99
Indian Railway Finance Corporation Ltd.,IRFC.NS,115.46,115.46,48.37,0.77,EXIT,-0.82,99
Jaiprakash Power Ventures Ltd.,JPPOWER.NS,15.2,15.2,48.4,0.57,EXIT,-20.71,99
Aptus Value Housing Finance India Ltd.,APTUS.NS,260.4,260.4,48.81,1.22,EXIT,-6.35,99
Indian Renewable Energy Development Agency Ltd.,IREDA.NS,129.28,129.28,48.87,0.58,EXIT,-7.78,99
Neuland Laboratories Ltd.,NEULANDLAB.NS,13502.0,13502.0,49.21,3.96,EXIT,-17.44,99
Rainbow Childrens Medicare Ltd.,RAINBOW.NS,1206.8,1206.8,49.32,1.81,EXIT,-9.63,99
Britannia Industries Ltd.,BRITANNIA.NS,5873.5,5873.5,49.38,0.76,HOLD,-0.03,99
Rail Vikas Nigam Ltd.,RVNL.NS,319.45,319.45,49.47,1.05,EXIT,0.49,99
AWL Agri Business Ltd.,AWL.NS,209.85,209.85,49.63,0.88,EXIT,-15.86,99
Coromandel International Ltd.,COROMANDEL.NS,2268.7,2268.7,49.68,0.93,EXIT,-3.18,99
Tata Elxsi Ltd.,TATAELXSI.NS,5381.0,5381.0,49.7,0.73,EXIT,4.95,99
ACC Ltd.,ACC.NS,1695.4,1695.4,49.76,0.75,EXIT,-8.45,99
Procter & Gamble Hygiene & Health Care Ltd.,PGHH.NS,11976.0,11976.0,49.86,1.5,EXIT,-5.7,99
LIC Housing Finance Ltd.,LICHSGFIN.NS,522.55,522.55,49.91,0.46,EXIT,-5.79,99
Bosch Ltd.,BOSCHLTD.NS,35575.0,35575.0,50.0,0.86,EXIT,-2.96,99
Sumitomo Chemical India Ltd.,SUMICHEM.NS,422.6,422.6,50.0,0.74,EXIT,-8.17,99
Dalmia Bharat Ltd.,DALBHARAT.NS,2191.4,2191.4,50.0,0.53,HOLD,10.3,99
Capri Global Capital Ltd.,CGCL.NS,174.96,174.96,50.02,0.44,EXIT,-7.72,99
L&T Finance Ltd.,LTF.NS,294.0,294.0,50.15,0.54,HOLD,-3.94,99
Can Fin Homes Ltd.,CANFINHOME.NS,915.85,915.85,50.17,1.12,HOLD,1.34,99
Apollo Tyres Ltd.,APOLLOTYRE.NS,507.2,507.2,50.35,1.05,HOLD,-2.32,99
Vedant Fashions Ltd.,MANYAVAR.NS,495.85,495.85,50.39,0.81,EXIT,-18.05,99
R R Kabel Ltd.,RRKABEL.NS,1416.0,1416.0,50.51,1.17,HOLD,1.03,99
Radico Khaitan Ltd,RADICO.NS,2763.6,2763.6,50.52,0.71,EXIT,-13.95,99
HDFC Bank Ltd.,HDFCBANK.NS,932.4,932.4,50.68,0.98,EXIT,-5.8,99
Ambuja Cements Ltd.,AMBUJACEM.NS,538.5,538.5,50.83,0.74,EXIT,-0.83,99
Abbott India Ltd.,ABBOTINDIA.NS,27295.0,27295.0,51.03,1.72,EXIT,-6.65,99
Affle 3i Ltd.,AFFLE.NS,1664.1,1664.1,51.18,1.09,EXIT,0.35,99
BLS International Services Ltd.,BLS.NS,292.8,292.8,51.32,0.67,EXIT,-9.53,99
Nuvoco Vistas Corporation Ltd.,NUVOCO.NS,348.3,348.3,51.37,1.1,EXIT,-3.61,99
Indraprastha Gas Ltd.,IGL.NS,177.34,177.34,51.46,0.81,EXIT,-10.63,99
Jupiter Wagons Ltd.,JWL.NS,312.1,312.1,51.69,0.44,EXIT,9.86,99
JSW Energy Ltd.,JSWENERGY.NS,483.7,483.7,51.77,0.36,EXIT,-0.09,99
Sundram Fasteners Ltd.,SUNDRMFAST.NS,929.2,929.2,52.03,0.46,EXIT,-2.25,99
Brigade Enterprises Ltd.,BRIGADE.NS,802.4,802.4,52.11,0.44,EXIT,-9.83,99
Emami Ltd.,EMAMILTD.NS,499.1,499.1,52.18,1.43,EXIT,-4.39,99
Motilal Oswal Financial Services Ltd.,MOTILALOFS.NS,820.95,820.95,52.28,0.63,EXIT,-14.05,99
Concord Biotech Ltd.,CONCORDBIO.NS,1282.3,1282.3,52.35,0.59,EXIT,-10.8,99
MMTC Ltd.,MMTC.NS,66.17,66.17,52.45,0.25,HOLD,11.64,99
Engineers India Ltd.,ENGINERSIN.NS,183.34,183.34,52.5,1.0,EXIT,-7.34,99
UTI Asset Management Company Ltd.,UTIAMC.NS,1088.55,1088.55,52.53,0.86,EXIT,-5.29,99
DOMS Industries Ltd.,DOMS.NS,2483.8,2483.8,52.66,1.89,EXIT,-0.78,99
Latent View Analytics Ltd.,LATENTVIEW.NS,413.05,413.05,52.72,0.38,EXIT,-11.79,99
Glenmark Pharmaceuticals Ltd.,GLENMARK.NS,1958.0,1958.0,52.85,0.58,HOLD,-1.04,99
SJVN Ltd.,SJVN.NS,72.8,72.8,52.89,0.73,EXIT,-5.91,99
Jyothy Labs Ltd.,JYOTHYLAB.NS,249.94,249.94,52.91,2.08,EXIT,-15.37,99
Thermax Ltd.,THERMAX.NS,2960.2,2960.2,52.93,0.61,EXIT,1.23,99
Indegene Ltd.,INDGN.NS,486.1,486.1,53.01,1.45,EXIT,-8.4,99
Aadhar Housing Finance Ltd.,AADHARHFC.NS,473.55,473.55,53.05,1.32,EXIT,-2.37,99
PI Industries Ltd.,PIIND.NS,3190.6,3190.6,53.05,1.75,EXIT,-5.44,99
Titagarh Rail Systems Ltd.,TITAGARH.NS,786.75,786.75,53.09,0.68,EXIT,-2.62,99
Kfin Technologies Ltd.,KFINTECH.NS,1022.4,1022.4,53.12,1.77,EXIT,-5.63,99
CreditAccess Grameen Ltd.,CREDITACC.NS,1284.6,1284.6,53.12,0.1,EXIT,-3.03,99
Bharti Airtel Ltd.,BHARTIARTL.NS,2011.3,2011.3,53.3,1.29,HOLD,-4.41,99
UCO Bank,UCOBANK.NS,29.08,29.08,53.32,1.21,EXIT,-4.97,99
Niva Bupa Health Insurance Company Ltd.,NIVABUPA.NS,77.84,77.84,53.68,0.88,EXIT,4.12,99
Sonata Software Ltd.,SONATSOFTW.NS,318.85,318.85,53.72,0.81,EXIT,-8.93,99
Usha Martin Ltd.,USHAMART.NS,428.8,428.8,53.75,1.33,HOLD,0.6,99
BEML Ltd.,BEML.NS,1768.2,1768.2,53.77,0.93,EXIT,-1.38,99
Biocon Ltd.,BIOCON.NS,371.05,371.05,53.91,0.89,HOLD,-7.01,99
Jio Financial Services Ltd.,JIOFIN.NS,270.2,270.2,54.09,0.83,EXIT,-11.37,99
Endurance Technologies Ltd.,ENDURANCE.NS,2519.8,2519.8,54.18,0.77,EXIT,-5.3,99
IRCON International Ltd.,IRCON.NS,159.67,159.67,54.2,1.76,EXIT,1.14,99
Olectra Greentech Ltd.,OLECTRA.NS,1061.2,1061.2,54.25,0.63,EXIT,-14.2,99
Zydus Lifesciences Ltd.,ZYDUSLIFE.NS,887.3,887.3,54.3,3.09,EXIT,-5.88,99
Akzo Nobel India Ltd.,AKZOINDIA.NS,3022.3,3022.3,54.34,0.51,EXIT,-13.22,99
ITI Ltd.,ITI.NS,296.0,296.0,54.36,0.56,EXIT,-3.25,99
Inox Wind Ltd.,INOXWIND.NS,111.22,111.22,54.41,0.75,EXIT,-16.56,99
GAIL (India) Ltd.,GAIL.NS,164.55,164.55,54.58,1.06,EXIT,-5.97,99
Zen Technologies Ltd.,ZENTEC.NS,1331.3,1331.3,54.63,0.62,EXIT,-4.37,99
Adani Total Gas Ltd.,ATGL.NS,543.2,543.2,54.64,0.59,EXIT,-9.71,99
Godfrey Phillips India Ltd.,GODFRYPHLP.NS,2192.2,2192.2,54.76,0.33,EXIT,-21.53,99
Tube Investments of India Ltd.,TIINDIA.NS,2438.6,2438.6,54.85,1.95,EXIT,-12.71,99
Fertilisers and Chemicals Travancore Ltd.,FACT.NS,814.25,814.25,54.94,0.38,EXIT,-5.15,99
Finolex Industries Ltd.,FINPIPE.NS,178.99,178.99,54.97,0.9,EXIT,2.39,99
E.I.D. Parry (India) Ltd.,EIDPARRY.NS,932.25,932.25,55.03,1.24,EXIT,-10.55,99
Swan Corp Ltd.,SWANCORP.NS,416.35,416.35,55.12,0.54,EXIT,-7.62,99
Vishal Mega Mart Ltd.,VMM.NS,126.8,126.8,55.22,1.03,EXIT,-6.43,99
Alkyl Amines Chemicals Ltd.,ALKYLAMINE.NS,1585.7,1585.7,55.23,0.32,EXIT,-4.66,99
Suzlon Energy Ltd.,SUZLON.NS,47.69,47.69,55.41,0.66,EXIT,-10.73,99
SRF Ltd.,SRF.NS,2961.9,2961.9,55.44,0.47,EXIT,3.58,99
NBCC (India) Ltd.,NBCC.NS,101.44,101.44,55.82,0.59,EXIT,-11.99,99
GMR Airports Ltd.,GMRAIRPORT.NS,97.81,97.81,55.85,0.51,HOLD,-8.27,99
Divi's Laboratories Ltd.,DIVISLAB.NS,6175.5,6175.5,56.15,0.7,EXIT,-3.77,99
L&T Technology Services Ltd.,LTTS.NS,3903.1,3903.1,56.29,0.49,EXIT,-13.33,99
Exide Industries Ltd.,EXIDEIND.NS,338.8,338.8,56.29,0.71,EXIT,-10.48,99
Central Depository Services (India) Ltd.,CDSL.NS,1400.9,1400.9,56.62,1.25,EXIT,-12.01,99
Jindal Saw Ltd.,JINDALSAW.NS,194.55,194.55,56.89,0.27,EXIT,18.66,99
Tejas Networks Ltd.,TEJASNET.NS,351.55,351.55,56.9,0.3,EXIT,-32.65,99
Redington Ltd.,REDINGTON.NS,270.3,270.3,57.06,0.87,EXIT,-3.58,99
Bajaj Housing Finance Ltd.,BAJAJHFL.NS,91.71,91.71,57.1,0.79,EXIT,-5.47,99
Havells India Ltd.,HAVELLS.NS,1373.1,1373.1,57.11,0.41,EXIT,-3.47,99
UPL Ltd.,UPL.NS,746.0,746.0,57.11,0.57,HOLD,-0.1,99
NATCO Pharma Ltd.,NATCOPHARM.NS,846.95,846.95,57.11,1.01,EXIT,-9.18,99
Cholamandalam Financial Holdings Ltd.,CHOLAHLDNG.NS,1728.3,1728.3,57.11,1.25,EXIT,-7.93,99
Railtel Corporation Of India Ltd.,RAILTEL.NS,346.85,346.85,57.14,6.44,EXIT,3.18,99
Max Healthcare Institute Ltd.,MAXHEALTH.NS,1021.5,1021.5,57.39,1.41,EXIT,-8.59,99
KSB Ltd.,KSB.NS,733.15,733.15,57.51,0.68,EXIT,-2.6,99
Angel One Ltd.,ANGELONE.NS,2783.0,2783.0,57.55,0.76,HOLD,-1.11,99
Indian Overseas Bank,IOB.NS,35.59,35.59,57.55,0.61,EXIT,-7.61,99
Mazagoan Dock Shipbuilders Ltd.,MAZDOCK.NS,2439.1,2439.1,57.58,0.84,EXIT,-8.0,99
Kalpataru Projects International Ltd.,KPIL.NS,1138.1,1138.1,57.6,1.85,EXIT,-4.32,99
TBO Tek Ltd.,TBOTEK.NS,1576.6,1576.6,57.63,0.74,HOLD,-7.14,99
ICICI Bank Ltd.,ICICIBANK.NS,1406.5,1406.5,57.66,1.06,HOLD,2.44,99
Central Bank of India,CENTRALBK.NS,37.96,37.96,57.71,0.66,HOLD,-0.58,99
Aditya Birla Real Estate Ltd.,ABREL.NS,1462.3,1462.3,57.74,0.75,EXIT,-16.33,99
Granules India Ltd.,GRANULES.NS,581.0,581.0,57.83,1.04,HOLD,1.89,99
Jindal Stainless Ltd.,JSL.NS,787.6,787.6,57.97,0.27,HOLD,3.53,99
RITES Ltd.,RITES.NS,228.34,228.34,58.13,0.84,EXIT,-0.77,99
InterGlobe Aviation Ltd.,INDIGO.NS,4960.4,4960.4,58.24,0.82,EXIT,-12.94,99
Oberoi Realty Ltd.,OBEROIRLTY.NS,1568.9,1568.9,58.25,0.29,EXIT,-3.9,99
Brainbees Solutions Ltd.,FIRSTCRY.NS,283.45,283.45,58.26,2.75,EXIT,-5.47,99
Aditya Birla Fashion and Retail Ltd.,ABFRL.NS,72.99,72.99,58.29,0.27,EXIT,-5.31,99
Chalet Hotels Ltd.,CHALET.NS,882.35,882.35,58.29,0.83,EXIT,0.27,99
Carborundum Universal Ltd.,CARBORUNIV.NS,826.35,826.35,58.36,0.25,EXIT,-6.75,99
Triveni Turbine Ltd.,TRITURBINE.NS,499.35,499.35,58.57,1.61,EXIT,-4.79,99
Bajaj Finance Ltd.,BAJFINANCE.NS,965.6,965.6,58.58,0.73,HOLD,-5.84,99
Krishna Institute of Medical Sciences Ltd.,KIMS.NS,649.85,649.85,58.63,2.47,EXIT,-7.24,99
Solar Industries India Ltd.,SOLARINDS.NS,13423.0,13423.0,58.7,0.44,EXIT,0.87,99
Container Corporation of India Ltd.,CONCOR.NS,513.6,513.6,58.87,1.19,EXIT,2.03,99
Aster DM Healthcare Ltd.,ASTERDM.NS,576.35,576.35,58.89,0.57,EXIT,-13.32,99
Bharti Hexacom Ltd.,BHARTIHEXA.NS,1684.0,1684.0,59.06,0.93,EXIT,-2.68,99
RHI MAGNESITA INDIA LTD.,RHIM.NS,469.0,469.0,59.09,1.36,HOLD,0.7,99
Wockhardt Ltd.,WOCKPHARMA.NS,1429.1,1429.1,59.16,4.26,EXIT,-4.4,99
ITC Hotels Ltd.,ITCHOTELS.NS,187.35,187.35,59.19,0.9,EXIT,-9.78,99
Tata Teleservices (Maharashtra) Ltd.,TTML.NS,46.41,46.41,59.22,1.86,EXIT,-10.46,99
Global Health Ltd.,MEDANTA.NS,1139.3,1139.3,59.22,0.74,EXIT,-6.97,99
Tata Investment Corporation Ltd.,TATAINVEST.NS,665.55,665.55,59.31,2.3,EXIT,-9.15,99
Cochin Shipyard Ltd.,COCHINSHIP.NS,1528.6,1528.6,59.34,0.77,EXIT,-6.79,99
Saregama India Ltd,SAREGAMA.NS,351.0,351.0,59.42,0.64,EXIT,-8.3,99
Rashtriya Chemicals & Fertilizers Ltd.,RCF.NS,136.8,136.8,59.56,0.64,EXIT,-0.93,99
Piramal Pharma Ltd.,PPLPHARMA.NS,163.42,163.42,59.72,1.77,EXIT,-11.79,99
Computer Age Management Services Ltd.,CAMS.NS,742.6,742.6,59.8,0.64,EXIT,-3.58,99
Godrej Industries Ltd.,GODREJIND.NS,1039.1,1039.1,59.84,0.75,EXIT,-0.57,99
ICICI Lombard General Insurance Company Ltd.,ICICIGI.NS,1909.6,1909.6,59.85,0.29,EXIT,-3.88,99
Hero MotoCorp Ltd.,HEROMOTOCO.NS,5753.5,5753.5,59.97,1.76,HOLD,-8.24,99
Indian Railway Catering And Tourism Corporation Ltd.,IRCTC.NS,636.2,636.2,59.98,1.49,EXIT,-6.43,99
PCBL Chemical Ltd.,PCBL.NS,293.85,293.85,60.01,0.65,EXIT,-7.27,99
JM Financial Ltd.,JMFINANCIL.NS,140.43,140.43,60.09,5.21,EXIT,-8.29,99
EIH Ltd.,EIHOTEL.NS,346.45,346.45,60.32,0.17,EXIT,-8.32,99
Bata India Ltd.,BATAINDIA.NS,918.55,918.55,60.33,10.85,EXIT,-4.78,99
CESC Ltd.,CESC.NS,154.65,154.65,60.37,0.26,EXIT,-10.6,99
Lloyds Metals And Energy Ltd.,LLOYDSME.NS,1249.7,1249.7,60.52,0.5,EXIT,3.21,99
Garden Reach Shipbuilders & Engineers Ltd.,GRSE.NS,2515.4,2515.4,60.69,0.99,EXIT,-3.57,99
Pidilite Industries Ltd.,PIDILITIND.NS,1478.9,1478.9,60.79,0.69,EXIT,0.68,99
Nava Ltd.,NAVA.NS,571.85,571.85,60.97,0.91,EXIT,10.2,99
Chambal Fertilizers & Chemicals Ltd.,CHAMBLFERT.NS,453.75,453.75,61.02,1.6,EXIT,3.37,99
Adani Enterprises Ltd.,ADANIENT.NS,2228.4,2228.4,61.15,0.85,EXIT,-0.5,99
Godrej Properties Ltd.,GODREJPROP.NS,1820.8,1820.8,61.32,0.76,EXIT,-13.2,99
Bajaj Finserv Ltd.,BAJAJFINSV.NS,2027.9,2027.9,61.38,0.6,HOLD,-1.84,99
Gujarat Fluorochemicals Ltd.,FLUOROCHEM.NS,3469.0,3469.0,61.44,0.52,EXIT,1.36,99
Sapphire Foods India Ltd.,SAPPHIRE.NS,226.95,226.95,61.55,1.53,EXIT,-7.97,99
Adani Green Energy Ltd.,ADANIGREEN.NS,978.3,978.3,61.73,0.46,EXIT,-4.33,99
Aegis Logistics Ltd.,AEGISLOG.NS,720.35,720.35,61.82,0.37,EXIT,-6.94,99
Pfizer Ltd.,PFIZER.NS,4960.8,4960.8,61.9,16.51,EXIT,-0.68,99
Himadri Speciality Chemical Ltd.,HSCL.NS,460.7,460.7,61.95,0.8,EXIT,6.24,99
Amara Raja Energy & Mobility Ltd.,ARE&M.NS,907.35,907.35,62.01,1.02,EXIT,-4.55,99
Tata Power Co. Ltd.,TATAPOWER.NS,369.95,369.95,62.2,0.54,EXIT,-4.76,99
Swiggy Ltd.,SWIGGY.NS,355.75,355.75,62.29,2.14,EXIT,-10.93,99
Signatureglobal (India) Ltd.,SIGNATURE.NS,950.4,950.4,62.47,0.45,EXIT,-15.62,99
Jammu & Kashmir Bank Ltd.,J&KBANK.NS,105.3,105.3,62.61,0.47,HOLD,-1.74,99
Castrol India Ltd.,CASTROLIND.NS,187.83,187.83,62.65,0.7,EXIT,-1.92,99
International Gemmological Institute (India) Ltd.,IGIL.NS,330.35,330.35,62.78,0.78,EXIT,0.84,99
Patanjali Foods Ltd.,PATANJALI.NS,521.55,521.55,62.79,0.88,EXIT,-7.42,99
Eris Lifesciences Ltd.,ERIS.NS,1465.4,1465.4,62.89,0.98,EXIT,-6.64,99
JBM Auto Ltd.,JBMA.NS,603.65,603.65,62.92,0.52,EXIT,-1.39,99
Trident Ltd.,TRIDENT.NS,27.49,27.49,62.98,1.46,EXIT,-1.5,99
Mahanagar Gas Ltd.,MGL.NS,1173.9,1173.9,62.98,1.01,EXIT,-0.78,99
Devyani International Ltd.,DEVYANI.NS,136.75,136.75,62.99,0.68,EXIT,2.7,99
Anant Raj Ltd.,ANANTRAJ.NS,565.55,565.55,63.05,1.26,HOLD,1.77,99
Home First Finance Company India Ltd.,HOMEFIRST.NS,1178.4,1178.4,63.13,0.17,EXIT,7.91,99
Hindustan Unilever Ltd.,HINDUNILVR.NS,2453.6,2453.6,63.54,0.57,HOLD,-0.98,99
Colgate Palmolive (India) Ltd.,COLPAL.NS,2183.0,2183.0,63.67,0.87,EXIT,1.15,99
Zee Entertainment Enterprises Ltd.,ZEEL.NS,93.65,93.65,63.86,0.94,EXIT,-4.29,99
Eternal Ltd.,ETERNAL.NS,303.8,303.8,64.24,1.54,HOLD,1.08,99
Vijaya Diagnostic Centre Ltd.,VIJAYA.NS,1021.8,1021.8,64.26,0.7,HOLD,1.08,99
Asahi India Glass Ltd.,ASAHIINDIA.NS,977.9,977.9,64.45,0.42,HOLD,-8.3,99
Deepak Nitrite Ltd.,DEEPAKNTR.NS,1709.7,1709.7,64.45,1.01,EXIT,12.14,99
Indiamart Intermesh Ltd.,INDIAMART.NS,2250.9,2250.9,64.49,0.64,EXIT,-3.23,99
Maharashtra Scooters Ltd.,MAHSCOOTER.NS,13882.0,13882.0,64.76,0.36,EXIT,-2.43,99
BASF India Ltd.,BASF.NS,3855.8,3855.8,64.78,1.32,EXIT,-6.16,99
Cera Sanitaryware Ltd,CERA.NS,5287.4,5287.4,64.82,0.66,EXIT,-2.26,99
UNO Minda Ltd.,UNOMINDA.NS,1231.2,1231.2,64.88,0.93,HOLD,-4.88,99
PG Electroplast Ltd.,PGEL.NS,601.8,601.8,64.88,1.21,EXIT,2.49,99
Page Industries Ltd.,PAGEIND.NS,34600.0,34600.0,65.09,0.48,EXIT,-7.99,99
Dixon Technologies (India) Ltd.,DIXON.NS,11609.0,11609.0,65.26,0.66,EXIT,-19.9,99
ACME Solar Holdings Ltd.,ACMESOLAR.NS,236.85,236.85,65.28,1.54,EXIT,6.65,99
Gravita India Ltd.,GRAVITA.NS,1701.0,1701.0,65.41,2.16,EXIT,-4.27,99
Dr. Reddy's Laboratories Ltd.,DRREDDY.NS,1256.0,1256.0,65.52,0.7,HOLD,-1.51,99
DCM Shriram Ltd.,DCMSHRIRAM.NS,1159.2,1159.2,65.71,0.67,EXIT,-5.03,99
Welspun Corp Ltd.,WELCORP.NS,834.15,834.15,66.29,0.33,EXIT,-1.35,99
Timken India Ltd.,TIMKEN.NS,3231.3,3231.3,66.48,0.89,HOLD,2.05,99
Alok Industries Ltd.,ALOKINDS.NS,16.14,16.14,66.67,0.58,EXIT,-3.12,99
Kirloskar Brothers Ltd.,KIRLOSBROS.NS,1619.9,1619.9,66.67,0.31,EXIT,-2.42,99
Transformers And Rectifiers (India) Ltd.,TARIL.NS,281.98,281.98,66.82,1.47,EXIT,8.68,99
Bombay Burmah Trading Corporation Ltd.,BBTC.NS,1806.4,1806.4,66.89,0.92,EXIT,-0.29,99
Sun TV Network Ltd.,SUNTV.NS,614.35,614.35,66.92,8.67,HOLD,9.16,99
Premier Energies Ltd.,PREMIERENE.NS,823.85,823.85,66.93,0.56,EXIT,-14.68,99
V-Guard Industries Ltd.,VGUARD.NS,338.45,338.45,66.97,0.99,EXIT,-1.76,99
K.P.R. Mill Ltd.,KPRMILL.NS,950.75,950.75,67.14,1.1,EXIT,-7.42,99
Kaynes Technology India Ltd.,KAYNES.NS,3957.6,3957.6,67.3,1.44,EXIT,-26.83,99
Aditya Birla Sun Life AMC Ltd.,ABSLAMC.NS,838.55,838.55,67.55,1.3,HOLD,15.28,99
Siemens Ltd.,SIEMENS.NS,3111.5,3111.5,67.86,0.64,EXIT,-7.42,99
INOX India Ltd.,INOXINDIA.NS,1168.1,1168.1,68.06,0.57,HOLD,1.41,99
Praj Industries Ltd.,PRAJIND.NS,342.05,342.05,68.18,15.49,EXIT,7.8,99
HBL Engineering Ltd.,HBLENGINE.NS,780.3,780.3,68.4,0.36,HOLD,-7.82,99
Alembic Pharmaceuticals Ltd.,APLLTD.NS,801.9,801.9,68.42,0.43,EXIT,-10.92,99
Lodha Developers Ltd.,LODHA.NS,1095.05,1095.05,68.58,0.49,EXIT,-2.21,99
PVR INOX Ltd.,PVRINOX.NS,1076.05,1076.05,68.78,1.06,HOLD,-2.64,99
Astral Ltd.,ASTRAL.NS,1532.2,1532.2,68.82,1.99,HOLD,7.92,99
NCC Ltd.,NCC.NS,157.76,157.76,68.98,1.21,EXIT,-8.42,99
Torrent Power Ltd.,TORNTPOWER.NS,1483.0,1483.0,69.0,3.01,HOLD,12.92,99
Trent Ltd.,TRENT.NS,4184.4,4184.4,69.16,0.6,EXIT,-1.0,99
Gujarat State Petronet Ltd.,GSPL.NS,313.35,313.35,69.27,0.54,HOLD,4.99,99
Reliance Industries Ltd.,RELIANCE.NS,1458.5,1458.5,69.3,0.76,HOLD,-5.68,99
Dr. Lal Path Labs Ltd.,LALPATHLAB.NS,1455.8,1455.8,69.87,0.88,EXIT,-4.35,99
IFCI Ltd.,IFCI.NS,64.74,64.74,69.98,0.98,HOLD,26.97,99
Apollo Hospitals Enterprise Ltd.,APOLLOHOSP.NS,7219.0,7219.0,70.07,0.67,EXIT,-0.32,99
Maharashtra Seamless Ltd.,MAHSEAMLES.NS,547.15,547.15,70.17,0.91,EXIT,-4.49,99
Vardhman Textiles Ltd.,VTL.NS,488.1,488.1,70.47,0.84,HOLD,13.0,99
Honasa Consumer Ltd.,HONASA.NS,296.6,296.6,70.61,1.59,HOLD,3.8,99
DLF Ltd.,DLF.NS,671.8,671.8,70.77,0.6,EXIT,-5.67,99
Data Patterns (India) Ltd.,DATAPATTNS.NS,2840.5,2840.5,71.09,0.8,HOLD,-1.89,99
Linde India Ltd.,LINDEINDIA.NS,6533.0,6533.0,71.13,9.7,HOLD,12.77,99
Shyam Metalics and Energy Ltd.,SHYAMMETL.NS,902.8,902.8,71.38,1.65,HOLD,11.65,99
Sun Pharmaceutical Industries Ltd.,SUNPHARMA.NS,1707.8,1707.8,71.54,0.58,HOLD,-5.1,99
HDFC Asset Management Company Ltd.,HDFCAMC.NS,2816.8,2816.8,71.57,0.69,HOLD,8.38,99
Campus Activewear Ltd.,CAMPUS.NS,282.5,282.5,71.71,3.16,HOLD,2.63,99
Crompton Greaves Consumer Electricals Ltd.,CROMPTON.NS,261.66,261.66,71.72,1.5,EXIT,0.29,99
Life Insurance Corporation of India,LICI.NS,891.7,891.7,71.78,0.64,HOLD,0.88,99
IRB Infrastructure Developers Ltd.,IRB.NS,44.34,44.34,71.83,1.02,EXIT,3.62,99
Gillette India Ltd.,GILLETTE.NS,8800.5,8800.5,72.14,0.54,EXIT,5.04,99
Valor Estate Ltd.,DBREALTY.NS,127.78,127.78,72.23,1.21,EXIT,0.57,99
Sobha Ltd.,SOBHA.NS,1533.7,1533.7,72.76,0.49,HOLD,-1.09,99
Bajaj Holdings & Investment Ltd.,BAJAJHLDNG.NS,11081.0,11081.0,72.79,0.5,EXIT,0.29,99
Gujarat Gas Ltd.,GUJGASLTD.NS,426.2,426.2,72.89,0.61,EXIT,5.69,99
CG Power and Industrial Solutions Ltd.,CGPOWER.NS,681.55,681.55,73.39,0.65,EXIT,3.31,99
Avenue Supermarts Ltd.,DMART.NS,4002.2,4002.2,73.49,0.93,EXIT,1.02,99
General Insurance Corporation of India,GICRE.NS,398.35,398.35,73.59,2.63,HOLD,2.73,99
United Spirits Ltd.,UNITDSPR.NS,1409.9,1409.9,73.62,0.34,HOLD,-2.15,99
HFCL Ltd.,HFCL.NS,72.3,72.3,73.66,0.65,EXIT,2.23,99
Balkrishna Industries Ltd.,BALKRISIND.NS,2716.3,2716.3,73.71,0.76,HOLD,11.07,99
Jubilant Foodworks Ltd.,JUBLFOOD.NS,554.45,554.45,73.96,0.98,EXIT,-8.12,99
LT Foods Ltd.,LTFOODS.NS,413.4,413.4,74.12,1.27,EXIT,-0.48,99
The New India Assurance Company Ltd.,NIACL.NS,159.02,159.02,74.2,5.05,EXIT,-5.11,99
Sarda Energy and Minerals Ltd.,SARDAEN.NS,510.75,510.75,74.43,1.15,HOLD,3.68,99
Triveni Engineering & Industries Ltd.,TRIVENI.NS,393.75,393.75,74.51,1.47,HOLD,12.39,99
Blue Dart Express Ltd.,BLUEDART.NS,5840.0,5840.0,74.77,0.41,EXIT,3.27,99
Schaeffler India Ltd.,SCHAEFFLER.NS,3961.4,3961.4,74.79,0.71,HOLD,1.88,99
Ventive Hospitality Ltd.,VENTIVE.NS,774.05,774.05,75.22,0.89,HOLD,6.54,99
Bayer Cropscience Ltd.,BAYERCROP.NS,4696.4,4696.4,75.54,2.47,EXIT,1.96,99
Elecon Engineering Co. Ltd.,ELECON.NS,469.0,469.0,75.56,1.25,EXIT,-3.86,99
Indian Hotels Co. Ltd.,INDHOTEL.NS,702.55,702.55,75.71,0.45,EXIT,-5.38,99
Supreme Industries Ltd.,SUPREMEIND.NS,3690.7,3690.7,75.74,1.48,EXIT,10.76,99
Whirlpool of India Ltd.,WHIRLPOOL.NS,883.4,883.4,75.77,0.82,EXIT,-12.53,99
Elgi Equipments Ltd.,ELGIEQUIP.NS,495.2,495.2,75.9,0.53,HOLD,-2.12,99
Glaxosmithkline Pharmaceuticals Ltd.,GLAXO.NS,2622.9,2622.9,75.93,4.26,EXIT,4.1,99
Delhivery Ltd.,DELHIVERY.NS,435.95,435.95,75.97,2.09,HOLD,6.56,99
Godrej Agrovet Ltd.,GODREJAGRO.NS,595.35,595.35,76.18,1.11,EXIT,-0.27,99
Finolex Cables Ltd.,FINCABLES.NS,826.9,826.9,76.5,5.62,EXIT,11.02,99
Gland Pharma Ltd.,GLAND.NS,1885.5,1885.5,76.54,0.89,HOLD,6.76,99
Power Finance Corporation Ltd.,PFC.NS,413.25,413.25,77.09,0.88,HOLD,14.7,99
Balrampur Chini Mills Ltd.,BALRAMCHIN.NS,467.0,467.0,77.47,6.12,EXIT,3.75,99
Ramkrishna Forgings Ltd.,RKFORGE.NS,567.8,567.8,77.55,0.84,EXIT,8.68,99
United Breweries Ltd.,UBL.NS,1619.7,1619.7,77.73,1.11,EXIT,-5.89,99
Prestige Estates Projects Ltd.,PRESTIGE.NS,1591.7,1591.7,77.79,0.31,EXIT,-3.68,99
Amber Enterprises India Ltd.,AMBER.NS,7510.5,7510.5,77.8,4.14,HOLD,6.66,99
Techno Electric & Engineering Company Ltd.,TECHNOE.NS,1117.55,1117.55,78.44,1.23,EXIT,-3.82,99
Action Construction Equipment Ltd.,ACE.NS,922.05,922.05,78.59,0.55,EXIT,-6.0,99
Atul Ltd.,ATUL.NS,6644.0,6644.0,79.13,1.12,HOLD,14.88,99
UltraTech Cement Ltd.,ULTRACEMCO.NS,13023.0,13023.0,79.28,0.56,HOLD,11.63,99
Petronet LNG Ltd.,PETRONET.NS,303.7,303.7,79.45,0.95,HOLD,12.03,99
Bandhan Bank Ltd.,BANDHANBNK.NS,166.69,166.69,79.91,1.84,HOLD,11.29,99
Power Grid Corporation of India Ltd.,POWERGRID.NS,294.35,294.35,81.19,1.17,HOLD,10.06,99
AstraZenca Pharma India Ltd.,ASTRAZEN.NS,8960.5,8960.5,81.9,1.45,HOLD,-2.01,99
Schneider Electric Infrastructure Ltd.,SCHNEIDER.NS,784.85,784.85,82.22,0.52,HOLD,4.41,99
Waaree Energies Ltd.,WAAREEENER.NS,3163.8,3163.8,83.29,0.51,HOLD,0.31,99
Aarti Industries Ltd.,AARTIIND.NS,467.8,467.8,85.76,0.83,HOLD,24.05,99
ABB India Ltd.,ABB.NS,5870.0,5870.0,88.7,0.41,HOLD,13.25,99
Akums Drugs and Pharmaceuticals Ltd.,AKUMS.NS,468.75,468.75,90.15,1.31,EXIT,11.38,99
