Ticker,Date,Close,Adj Close,Volume,Split
AVANTIFEED.NS,2025-02-10,743.0999755859375,733.0933837890625,1258715,0.0
AVANTIFEED.NS,2025-02-11,724.75,714.9905395507812,1414713,0.0
AVANTIFEED.NS,2025-02-12,707.25,697.7261962890625,949384,0.0
AVANTIFEED.NS,2025-02-13,699.4500122070312,690.0311889648438,391982,0.0
AVANTIFEED.NS,2025-02-14,659.0,650.1259155273438,641882,0.0
AVANTIFEED.NS,2025-02-17,658.25,649.385986328125,378368,0.0
AVANTIFEED.NS,2025-02-18,660.0999755859375,651.2110595703125,447817,0.0
AVANTIFEED.NS,2025-02-19,687.5499877929688,678.2914428710938,779887,0.0
AVANTIFEED.NS,2025-02-20,713.8499755859375,704.2372436523438,990394,0.0
AVANTIFEED.NS,2025-02-21,724.4000244140625,714.645263671875,794020,0.0
AVANTIFEED.NS,2025-02-24,735.0,725.1024780273438,692155,0.0
AVANTIFEED.NS,2025-02-25,741.4000244140625,731.4163208007812,650724,0.0
AVANTIFEED.NS,2025-02-27,745.75,735.7077026367188,1344950,0.0
AVANTIFEED.NS,2025-02-28,692.6500244140625,683.3228149414062,742091,0.0
AVANTIFEED.NS,2025-03-03,727.75,717.9501342773438,1691468,0.0
AVANTIFEED.NS,2025-03-04,740.0499877929688,730.08447265625,902815,0.0
AVANTIFEED.NS,2025-03-05,786.0999755859375,775.5143432617188,9432683,0.0
AVANTIFEED.NS,2025-03-06,793.2000122070312,782.518798828125,3629970,0.0
AVANTIFEED.NS,2025-03-07,798.7000122070312,787.9447021484375,1361944,0.0
AVANTIFEED.NS,2025-03-10,823.3499755859375,812.2627563476562,5524290,0.0
AVANTIFEED.NS,2025-03-11,819.9500122070312,808.9085693359375,1592034,0.0
AVANTIFEED.NS,2025-03-12,824.2999877929688,813.199951171875,1010942,0.0
AVANTIFEED.NS,2025-03-13,842.5499877929688,831.2042236328125,2101841,0.0
AVANTIFEED.NS,2025-03-17,891.7000122070312,879.6923828125,3333614,0.0
AVANTIFEED.NS,2025-03-18,891.7000122070312,879.6923828125,0,0.0
AVANTIFEED.NS,2025-03-19,904.0999755859376,891.9253540039062,2005483,0.0
AVANTIFEED.NS,2025-03-20,931.5999755859376,919.0550537109376,2330094,0.0
AVANTIFEED.NS,2025-03-21,933.9000244140624,921.3240966796876,1243135,0.0
AVANTIFEED.NS,2025-03-24,932.0,919.44970703125,1577269,0.0
AVANTIFEED.NS,2025-03-25,923.9500122070312,911.5081176757812,925892,0.0
AVANTIFEED.NS,2025-03-26,903.9500122070312,891.7774047851562,747119,0.0
AVANTIFEED.NS,2025-03-27,904.4000244140624,892.2213745117188,1050809,0.0
AVANTIFEED.NS,2025-03-28,913.6500244140624,901.3468017578124,612957,0.0
AVANTIFEED.NS,2025-04-01,873.7999877929688,862.0333862304688,778033,0.0
AVANTIFEED.NS,2025-04-02,890.75,878.7551879882812,866254,0.0
AVANTIFEED.NS,2025-04-03,753.3499755859375,743.2053833007812,7894406,0.0
AVANTIFEED.NS,2025-04-04,719.7000122070312,710.008544921875,2846334,0.0
AVANTIFEED.NS,2025-04-07,692.8499755859375,683.5200805664062,2074523,0.0
AVANTIFEED.NS,2025-04-08,724.2000122070312,714.4479370117188,1501156,0.0
AVANTIFEED.NS,2025-04-09,759.25,749.0259399414062,2598204,0.0
AVANTIFEED.NS,2025-04-11,799.6500244140625,788.8819580078125,5742099,0.0
AVANTIFEED.NS,2025-04-15,851.5499877929688,840.0830078125,3130807,0.0
AVANTIFEED.NS,2025-04-16,866.9500122070312,855.275634765625,1285599,0.0
AVANTIFEED.NS,2025-04-17,890.7999877929688,878.8045043945312,1172576,0.0
AVANTIFEED.NS,2025-04-21,847.75,836.334228515625,1484672,0.0
AVANTIFEED.NS,2025-04-22,858.0,846.4461669921875,830888,0.0
AVANTIFEED.NS,2025-04-23,874.7999877929688,863.0199584960938,859683,0.0
AVANTIFEED.NS,2025-04-24,902.0499877929688,889.9029541015625,1550826,0.0
AVANTIFEED.NS,2025-04-25,900.5499877929688,888.4231567382812,1170126,0.0
AVANTIFEED.NS,2025-04-28,892.5,880.4815673828125,1073229,0.0
AVANTIFEED.NS,2025-04-29,890.4000244140625,878.409912109375,409085,0.0
AVANTIFEED.NS,2025-04-30,874.0499877929688,862.280029296875,360305,0.0
AVANTIFEED.NS,2025-05-02,882.75,870.8629150390625,387405,0.0
AVANTIFEED.NS,2025-05-05,863.7999877929688,852.1680297851562,302669,0.0
AVANTIFEED.NS,2025-05-06,854.5,842.9932861328125,527785,0.0
AVANTIFEED.NS,2025-05-07,886.5999755859375,874.6610107421875,1012940,0.0
AVANTIFEED.NS,2025-05-08,875.7000122070312,863.9078369140625,426465,0.0
AVANTIFEED.NS,2025-05-09,871.9000244140625,860.1589965820312,455792,0.0
AVANTIFEED.NS,2025-05-12,893.5499877929688,881.5174560546875,266732,0.0
AVANTIFEED.NS,2025-05-13,893.5499877929688,881.5174560546875,286060,0.0
AVANTIFEED.NS,2025-05-14,866.4000244140625,854.7330932617188,349064,0.0
AVANTIFEED.NS,2025-05-15,875.2999877929688,863.51318359375,522028,0.0
AVANTIFEED.NS,2025-05-16,883.75,871.8494262695312,384229,0.0
AVANTIFEED.NS,2025-05-19,889.5999755859375,877.62060546875,1197202,0.0
AVANTIFEED.NS,2025-05-20,870.0499877929688,858.3339233398438,324352,0.0
AVANTIFEED.NS,2025-05-21,873.8499755859375,862.0827026367188,305175,0.0
AVANTIFEED.NS,2025-05-22,882.3499755859375,870.46826171875,440802,0.0
AVANTIFEED.NS,2025-05-23,868.4000244140625,856.7061767578125,221237,0.0
AVANTIFEED.NS,2025-05-26,860.9000244140625,849.30712890625,375755,0.0
AVANTIFEED.NS,2025-05-27,849.6500244140625,838.2086181640625,487741,0.0
AVANTIFEED.NS,2025-05-28,862.6500244140625,851.0335693359375,327833,0.0
AVANTIFEED.NS,2025-05-29,879.5,867.6566772460938,4265396,0.0
AVANTIFEED.NS,2025-05-30,844.0,832.6347045898438,572676,0.0
AVANTIFEED.NS,2025-06-02,824.5499877929688,813.4465942382812,1140632,0.0
AVANTIFEED.NS,2025-06-03,779.7999877929688,769.2991943359375,1600625,0.0
AVANTIFEED.NS,2025-06-04,762.9500122070312,752.6761474609375,977857,0.0
AVANTIFEED.NS,2025-06-05,753.2999877929688,743.1560668945312,744711,0.0
AVANTIFEED.NS,2025-06-06,742.7000122070312,732.6987915039062,564077,0.0
AVANTIFEED.NS,2025-06-09,737.9000244140625,727.9634399414062,766876,0.0
AVANTIFEED.NS,2025-06-10,746.9000244140625,736.84228515625,565283,0.0
AVANTIFEED.NS,2025-06-11,755.6500244140625,745.4744262695312,1034516,0.0
AVANTIFEED.NS,2025-06-12,750.0,739.9005126953125,406672,0.0
AVANTIFEED.NS,2025-06-13,754.9500122070312,744.7838745117188,479872,0.0
AVANTIFEED.NS,2025-06-16,758.9500122070312,748.72998046875,283788,0.0
AVANTIFEED.NS,2025-06-17,752.5,742.3668212890625,253342,0.0
AVANTIFEED.NS,2025-06-18,752.4500122070312,742.3175048828125,332806,0.0
AVANTIFEED.NS,2025-06-19,751.2999877929688,741.1829833984375,254557,0.0
AVANTIFEED.NS,2025-06-20,722.7000122070312,712.9681396484375,802955,0.0
AVANTIFEED.NS,2025-06-23,708.5999755859375,699.0579833984375,348643,0.0
AVANTIFEED.NS,2025-06-24,716.0999755859375,706.4569702148438,690444,0.0
AVANTIFEED.NS,2025-06-25,741.1500244140625,731.169677734375,421319,0.0
AVANTIFEED.NS,2025-06-26,728.4500122070312,718.6406860351562,586877,0.0
AVANTIFEED.NS,2025-06-27,719.1500244140625,709.4659423828125,619432,0.0
AVANTIFEED.NS,2025-06-30,733.0,723.12939453125,259097,0.0
AVANTIFEED.NS,2025-07-01,718.9000244140625,709.2192993164062,680602,0.0
AVANTIFEED.NS,2025-07-02,735.5499877929688,725.6450805664062,772353,0.0
AVANTIFEED.NS,2025-07-03,740.8499755859375,730.8737182617188,260697,0.0
AVANTIFEED.NS,2025-07-04,730.6500244140625,720.8110961914062,249211,0.0
AVANTIFEED.NS,2025-07-07,729.6500244140625,719.8245849609375,199972,0.0
AVANTIFEED.NS,2025-07-08,729.25,719.429931640625,372539,0.0
AVANTIFEED.NS,2025-07-09,723.5499877929688,713.806640625,300423,0.0
AVANTIFEED.NS,2025-07-10,744.0,733.9813232421875,517578,0.0
AVANTIFEED.NS,2025-07-11,745.0999755859375,735.0664672851562,437521,0.0
AVANTIFEED.NS,2025-07-14,723.7999877929688,714.0532836914062,253636,0.0
AVANTIFEED.NS,2025-07-15,717.2000122070312,707.5421752929688,324894,0.0
AVANTIFEED.NS,2025-07-16,720.7999877929688,711.0936889648438,176413,0.0
AVANTIFEED.NS,2025-07-17,752.6500244140625,742.5148315429688,853962,0.0
AVANTIFEED.NS,2025-07-18,750.8499755859375,740.739013671875,449182,0.0
AVANTIFEED.NS,2025-07-21,744.0999755859375,734.0798950195312,230967,0.0
AVANTIFEED.NS,2025-07-22,750.0499877929688,739.9498291015625,371039,0.0
AVANTIFEED.NS,2025-07-23,750.7000122070312,740.591064453125,128484,0.0
AVANTIFEED.NS,2025-07-24,750.1500244140625,740.0485229492188,195630,0.0
AVANTIFEED.NS,2025-07-25,728.8499755859375,719.0352783203125,471240,0.0
AVANTIFEED.NS,2025-07-28,693.0,683.6680908203125,658186,0.0
AVANTIFEED.NS,2025-07-29,694.7999877929688,685.4437866210938,260536,0.0
AVANTIFEED.NS,2025-07-30,691.2999877929688,681.990966796875,178890,0.0
AVANTIFEED.NS,2025-07-31,681.0999755859375,671.9282836914062,1485825,0.0
AVANTIFEED.NS,2025-08-01,662.2999877929688,653.3814697265625,334506,0.0
AVANTIFEED.NS,2025-08-04,668.0499877929688,659.0540161132812,214333,0.0
AVANTIFEED.NS,2025-08-05,666.5499877929688,657.57421875,189770,0.0
AVANTIFEED.NS,2025-08-06,668.3499755859375,659.3499755859375,200501,0.0
AVANTIFEED.NS,2025-08-07,650.25,650.25,608701,0.0
AVANTIFEED.NS,2025-08-08,637.5999755859375,637.5999755859375,236982,0.0
AVANTIFEED.NS,2025-08-11,639.75,639.75,232091,0.0
AVANTIFEED.NS,2025-08-12,664.5,664.5,401791,0.0
AVANTIFEED.NS,2025-08-13,679.7999877929688,679.7999877929688,2655016,0.0
AVANTIFEED.NS,2025-08-14,651.0999755859375,651.0999755859375,646097,0.0
AVANTIFEED.NS,2025-08-18,661.6500244140625,661.6500244140625,475971,0.0
AVANTIFEED.NS,2025-08-19,654.5499877929688,654.5499877929688,213272,0.0
AVANTIFEED.NS,2025-08-20,651.1500244140625,651.1500244140625,151770,0.0
AVANTIFEED.NS,2025-08-21,647.0499877929688,647.0499877929688,235678,0.0
AVANTIFEED.NS,2025-08-22,642.75,642.75,132785,0.0
AVANTIFEED.NS,2025-08-25,637.4500122070312,637.4500122070312,209837,0.0
AVANTIFEED.NS,2025-08-26,639.9500122070312,639.9500122070312,309855,0.0
AVANTIFEED.NS,2025-08-28,633.2999877929688,633.2999877929688,457875,0.0
AVANTIFEED.NS,2025-08-29,641.8499755859375,641.8499755859375,220150,0.0
AVANTIFEED.NS,2025-09-01,632.2999877929688,632.2999877929688,222274,0.0
AVANTIFEED.NS,2025-09-02,681.0499877929688,681.0499877929688,2099598,0.0
AVANTIFEED.NS,2025-09-03,670.9500122070312,670.9500122070312,426884,0.0
AVANTIFEED.NS,2025-09-04,654.7000122070312,654.7000122070312,258713,0.0
AVANTIFEED.NS,2025-09-05,647.3499755859375,647.3499755859375,320512,0.0
AVANTIFEED.NS,2025-09-08,659.9000244140625,659.9000244140625,336271,0.0
AVANTIFEED.NS,2025-09-09,658.9000244140625,658.9000244140625,129859,0.0
AVANTIFEED.NS,2025-09-10,756.3499755859375,756.3499755859375,19381756,0.0
AVANTIFEED.NS,2025-09-11,730.7999877929688,730.7999877929688,2023394,0.0
AVANTIFEED.NS,2025-09-12,715.0,715.0,687569,0.0
AVANTIFEED.NS,2025-09-15,721.8499755859375,721.8499755859375,469408,0.0
AVANTIFEED.NS,2025-09-16,729.4000244140625,729.4000244140625,353438,0.0
AVANTIFEED.NS,2025-09-17,733.0999755859375,733.0999755859375,430744,0.0
AVANTIFEED.NS,2025-09-18,719.8499755859375,719.8499755859375,296543,0.0
AVANTIFEED.NS,2025-09-19,733.1500244140625,733.1500244140625,830942,0.0
AVANTIFEED.NS,2025-09-22,711.5999755859375,711.5999755859375,356956,0.0
AVANTIFEED.NS,2025-09-23,688.4000244140625,688.4000244140625,427447,0.0
AVANTIFEED.NS,2025-09-24,682.25,682.25,247966,0.0
AVANTIFEED.NS,2025-09-25,671.1500244140625,671.1500244140625,236843,0.0
AVANTIFEED.NS,2025-09-26,646.4500122070312,646.4500122070312,346957,0.0
AVANTIFEED.NS,2025-09-29,633.5499877929688,633.5499877929688,202760,0.0
AVANTIFEED.NS,2025-09-30,640.7999877929688,640.7999877929688,195926,0.0
AVANTIFEED.NS,2025-10-01,640.25,640.25,185570,0.0
AVANTIFEED.NS,2025-10-03,649.9500122070312,649.9500122070312,238293,0.0
AVANTIFEED.NS,2025-10-06,658.75,658.75,205552,0.0
AVANTIFEED.NS,2025-10-07,644.7999877929688,644.7999877929688,243802,0.0
AVANTIFEED.NS,2025-10-08,641.8499755859375,641.8499755859375,158369,0.0
AVANTIFEED.NS,2025-10-09,644.3499755859375,644.3499755859375,114692,0.0
AVANTIFEED.NS,2025-10-10,644.8499755859375,644.8499755859375,327491,0.0
AVANTIFEED.NS,2025-10-13,666.8499755859375,666.8499755859375,813350,0.0
AVANTIFEED.NS,2025-10-14,661.0999755859375,661.0999755859375,234089,0.0
AVANTIFEED.NS,2025-10-15,659.75,659.75,223941,0.0
AVANTIFEED.NS,2025-10-16,686.5499877929688,686.5499877929688,468695,0.0
AVANTIFEED.NS,2025-10-17,686.5499877929688,686.5499877929688,315907,0.0
AVANTIFEED.NS,2025-10-20,693.3499755859375,693.3499755859375,283694,0.0
AVANTIFEED.NS,2025-10-21,691.1500244140625,691.1500244140625,74317,0.0
AVANTIFEED.NS,2025-10-23,728.4500122070312,728.4500122070312,2333430,0.0
AVANTIFEED.NS,2025-10-24,723.9000244140625,723.9000244140625,364958,0.0
AVANTIFEED.NS,2025-10-27,725.4000244140625,725.4000244140625,284480,0.0
AVANTIFEED.NS,2025-10-28,721.9500122070312,721.9500122070312,143837,0.0
AVANTIFEED.NS,2025-10-29,716.5499877929688,716.5499877929688,353086,0.0
AVANTIFEED.NS,2025-10-30,711.6500244140625,711.6500244140625,217058,0.0
AVANTIFEED.NS,2025-10-31,697.4000244140625,697.4000244140625,159918,0.0
AVANTIFEED.NS,2025-11-03,705.4500122070312,705.4500122070312,163147,0.0
AVANTIFEED.NS,2025-11-04,690.5499877929688,690.5499877929688,179471,0.0
AVANTIFEED.NS,2025-11-06,715.5999755859375,715.5999755859375,849244,0.0
AVANTIFEED.NS,2025-11-07,697.9500122070312,697.9500122070312,268957,0.0
AVANTIFEED.NS,2025-11-10,694.2999877929688,694.2999877929688,135969,0.0
AVANTIFEED.NS,2025-11-11,733.7999877929688,733.7999877929688,1258881,0.0
AVANTIFEED.NS,2025-11-12,733.5999755859375,733.5999755859375,371379,0.0
AVANTIFEED.NS,2025-11-13,740.8499755859375,740.8499755859375,587063,0.0
AVANTIFEED.NS,2025-11-14,752.0499877929688,752.0499877929688,317634,0.0
AVANTIFEED.NS,2025-11-17,763.7999877929688,763.7999877929688,1024266,0.0
AVANTIFEED.NS,2025-11-18,766.9000244140625,766.9000244140625,336398,0.0
AVANTIFEED.NS,2025-11-19,841.6500244140625,841.6500244140625,13209628,0.0
AVANTIFEED.NS,2025-11-20,848.0,848.0,2304211,0.0
AVANTIFEED.NS,2025-11-21,861.2000122070312,861.2000122070312,2982067,0.0
AVANTIFEED.NS,2025-11-24,847.2999877929688,847.2999877929688,1190639,0.0
AVANTIFEED.NS,2025-11-25,826.3499755859375,826.3499755859375,487090,0.0
AVANTIFEED.NS,2025-11-26,836.25,836.25,519913,0.0
AVANTIFEED.NS,2025-11-27,801.4000244140625,801.4000244140625,795745,0.0
AVANTIFEED.NS,2025-11-28,806.75,806.75,523267,0.0
AVANTIFEED.NS,2025-12-01,793.4000244140625,793.4000244140625,240327,0.0
AVANTIFEED.NS,2025-12-02,806.2999877929688,806.2999877929688,487788,0.0
AVANTIFEED.NS,2025-12-03,827.7999877929688,827.7999877929688,1638065,0.0
AVANTIFEED.NS,2025-12-04,818.2000122070312,818.2000122070312,1047579,0.0
AVANTIFEED.NS,2025-12-05,819.5999755859375,819.5999755859375,473127,0.0
AVANTIFEED.NS,2025-12-08,804.0999755859375,804.0999755859375,390479,0.0
AVANTIFEED.NS,2025-12-09,794.75,794.75,493140,0.0
AVANTIFEED.NS,2025-12-10,812.0,812.0,1199301,0.0
AVANTIFEED.NS,2025-12-11,805.6500244140625,805.6500244140625,578818,0.0
AVANTIFEED.NS,2025-12-12,807.0999755859375,807.0999755859375,433146,0.0
AVANTIFEED.NS,2025-12-15,811.5999755859375,811.5999755859375,290635,0.0
AVANTIFEED.NS,2025-12-16,827.9500122070312,827.9500122070312,842820,0.0
AVANTIFEED.NS,2025-12-17,854.1500244140625,854.1500244140625,1596251,0.0
AVANTIFEED.NS,2025-12-18,856.0499877929688,856.0499877929688,912858,0.0
AVANTIFEED.NS,2025-12-19,854.3499755859375,854.3499755859375,420170,0.0
AVANTIFEED.NS,2025-12-22,847.1500244140625,847.1500244140625,386232,0.0
AVANTIFEED.NS,2025-12-23,856.9000244140625,856.9000244140625,754333,0.0
AVANTIFEED.NS,2025-12-24,821.2999877929688,821.2999877929688,478690,0.0
AVANTIFEED.NS,2025-12-26,836.0499877929688,836.0499877929688,499679,0.0
AVANTIFEED.NS,2025-12-29,821.7999877929688,821.7999877929688,184963,0.0
AVANTIFEED.NS,2025-12-30,831.1500244140625,831.1500244140625,291109,0.0
AVANTIFEED.NS,2025-12-31,831.9500122070312,831.9500122070312,206481,0.0
AVANTIFEED.NS,2026-01-01,878.5,878.5,1560522,0.0
AVANTIFEED.NS,2026-01-02,880.25,880.25,785318,0.0
AVANTIFEED.NS,2026-01-05,857.4500122070312,857.4500122070312,394280,0.0
AVANTIFEED.NS,2026-01-06,872.7000122070312,872.7000122070312,787005,0.0
AVANTIFEED.NS,2026-01-07,886.6500244140625,886.6500244140625,749770,0.0
AVANTIFEED.NS,2026-01-08,810.7999877929688,810.7999877929688,1640122,0.0
AVANTIFEED.NS,2026-01-09,803.9500122070312,803.9500122070312,911644,0.0
AVANTIFEED.NS,2026-01-12,819.9500122070312,819.9500122070312,723666,0.0
AVANTIFEED.NS,2026-01-13,813.3499755859375,813.3499755859375,317000,0.0
AVANTIFEED.NS,2026-01-14,829.4500122070312,829.4500122070312,245507,0.0
AVANTIFEED.NS,2026-01-16,805.8499755859375,805.8499755859375,351302,0.0
AVANTIFEED.NS,2026-01-19,792.1500244140625,792.1500244140625,210442,0.0
AVANTIFEED.NS,2026-01-20,784.8499755859375,784.8499755859375,270339,0.0
AVANTIFEED.NS,2026-01-21,746.6500244140625,746.6500244140625,772719,0.0
AVANTIFEED.NS,2026-01-22,778.0999755859375,778.0999755859375,1107322,0.0
AVANTIFEED.NS,2026-01-23,755.0999755859375,755.0999755859375,328815,0.0
AVANTIFEED.NS,2026-01-27,771.4500122070312,771.4500122070312,737379,0.0
AVANTIFEED.NS,2026-01-28,786.7000122070312,786.7000122070312,400128,0.0
AVANTIFEED.NS,2026-01-29,776.2999877929688,776.2999877929688,241539,0.0
AVANTIFEED.NS,2026-01-30,797.0999755859375,797.0999755859375,246740,0.0
AVANTIFEED.NS,2026-02-02,800.0,800.0,291250,0.0
AVANTIFEED.NS,2026-02-03,959.7999877929688,959.7999877929688,6193220,0.0
AVANTIFEED.NS,2026-02-04,1071.699951171875,1071.699951171875,12593679,0.0
AVANTIFEED.NS,2026-02-05,1081.199951171875,1081.199951171875,5168558,0.0
AVANTIFEED.NS,2026-02-06,1025.5,1025.5,2021772,0.0
AVANTIFEED.NS,2026-02-09,1103.800048828125,1103.800048828125,2630979,0.0
AVANTIFEED.NS,2026-02-10,1131.4000244140625,1131.4000244140625,2545621,0.0
RELIANCE.NS,2025-02-10,4036.949951171875,3902.096923828125,1339511,0.0
RELIANCE.NS,2025-02-11,3963.550048828125,3831.14892578125,1810908,0.0
RELIANCE.NS,2025-02-12,3950.14990234375,3818.1962890625,1678002,0.0
RELIANCE.NS,2025-02-13,3910.14990234375,3779.532470703125,2277310,0.0
RELIANCE.NS,2025-02-14,3934.85009765625,3803.407470703125,1681975,0.0
RELIANCE.NS,2025-02-17,3904.5,3774.071533203125,1799806,0.0
RELIANCE.NS,2025-02-18,3873.199951171875,3743.816650390625,2149879,0.0
RELIANCE.NS,2025-02-19,3784.10009765625,3657.693359375,4366672,0.0
RELIANCE.NS,2025-02-20,3779.39990234375,3653.150390625,2888572,0.0
RELIANCE.NS,2025-02-21,3786.0,3659.52978515625,1833931,0.0
RELIANCE.NS,2025-02-24,3675.60009765625,3552.8173828125,2508516,0.0
RELIANCE.NS,2025-02-25,3629.550048828125,3508.305908203125,4101954,0.0
RELIANCE.NS,2025-02-27,3612.550048828125,3491.87353515625,3823856,0.0
RELIANCE.NS,2025-02-28,3483.25,3366.892822265625,7085018,0.0
RELIANCE.NS,2025-03-03,3493.050048828125,3376.36572265625,4990439,0.0
RELIANCE.NS,2025-03-04,3532.050048828125,3414.06298828125,2797737,0.0
RELIANCE.NS,2025-03-05,3547.050048828125,3428.561767578125,2501894,0.0
RELIANCE.NS,2025-03-06,3601.60009765625,3481.289794921875,2786513,0.0
RELIANCE.NS,2025-03-07,3611.199951171875,3490.56884765625,2051315,0.0
RELIANCE.NS,2025-03-10,3589.64990234375,3469.73876953125,1004626,0.0
RELIANCE.NS,2025-03-11,3575.300048828125,3455.8681640625,1995450,0.0
RELIANCE.NS,2025-03-12,3506.199951171875,3389.076416015625,3174167,0.0
RELIANCE.NS,2025-03-13,3511.050048828125,3393.764404296875,1693004,0.0
RELIANCE.NS,2025-03-17,3497.699951171875,3380.8603515625,2690906,0.0
RELIANCE.NS,2025-03-18,3497.699951171875,3380.8603515625,0,0.0
RELIANCE.NS,2025-03-19,3497.10009765625,3380.280517578125,3051244,0.0
RELIANCE.NS,2025-03-20,3563.14990234375,3444.123779296875,2845192,0.0
RELIANCE.NS,2025-03-21,3578.10009765625,3458.57470703125,4161925,0.0
RELIANCE.NS,2025-03-24,3628.949951171875,3507.725830078125,1834751,0.0
RELIANCE.NS,2025-03-25,3657.75,3535.56396484375,3135390,0.0
RELIANCE.NS,2025-03-26,3635.800048828125,3514.34716796875,1734499,0.0
RELIANCE.NS,2025-03-27,3651.199951171875,3529.23291015625,2528474,0.0
RELIANCE.NS,2025-03-28,3606.14990234375,3485.687744140625,2051919,0.0
RELIANCE.NS,2025-04-01,3550.800048828125,3432.186767578125,2618493,0.0
RELIANCE.NS,2025-04-02,3543.949951171875,3425.565185546875,1764313,0.0
RELIANCE.NS,2025-04-03,3403.14990234375,3289.46875,4537821,0.0
RELIANCE.NS,2025-04-04,3299.39990234375,3189.1845703125,5317367,0.0
RELIANCE.NS,2025-04-07,3274.050048828125,3164.68115234375,6623955,0.0
RELIANCE.NS,2025-04-08,3292.949951171875,3182.949951171875,5557558,0.0
RELIANCE.NS,2025-04-09,3246.60009765625,3138.1484375,2990265,0.0
RELIANCE.NS,2025-04-11,3231.5,3123.552978515625,7108961,0.0
RELIANCE.NS,2025-04-15,3248.199951171875,3139.694580078125,3512160,0.0
RELIANCE.NS,2025-04-16,3273.800048828125,3164.439697265625,2384391,0.0
RELIANCE.NS,2025-04-17,3298.89990234375,3188.701171875,2932346,0.0
RELIANCE.NS,2025-04-21,3321.60009765625,3210.642822265625,2432946,0.0
RELIANCE.NS,2025-04-22,3314.39990234375,3203.683349609375,2710498,0.0
RELIANCE.NS,2025-04-23,3413.0,3298.98974609375,3543923,0.0
RELIANCE.NS,2025-04-24,3401.60009765625,3287.970703125,2252175,0.0
RELIANCE.NS,2025-04-25,3448.0,3332.82080078125,2742991,0.0
RELIANCE.NS,2025-04-28,3443.5,3328.470947265625,1593296,0.0
RELIANCE.NS,2025-04-29,3472.5,3356.501953125,1578332,0.0
RELIANCE.NS,2025-04-30,3453.699951171875,3338.330078125,2809332,0.0
RELIANCE.NS,2025-05-02,3431.0,3316.38818359375,1721761,0.0
RELIANCE.NS,2025-05-05,3454.300048828125,3338.910400390625,1284443,0.0
RELIANCE.NS,2025-05-06,3460.0,3344.419677734375,1324763,0.0
RELIANCE.NS,2025-05-07,3445.10009765625,3330.017578125,1477128,0.0
RELIANCE.NS,2025-05-08,3448.89990234375,3333.6904296875,2543591,0.0
RELIANCE.NS,2025-05-09,3440.300048828125,3325.3779296875,2531757,0.0
RELIANCE.NS,2025-05-12,3620.39990234375,3499.46142578125,2228678,0.0
RELIANCE.NS,2025-05-13,3515.0,3397.58251953125,3062887,0.0
RELIANCE.NS,2025-05-14,3548.699951171875,3430.15673828125,2119499,0.0
RELIANCE.NS,2025-05-15,3579.89990234375,3460.314208984375,3548330,0.0
RELIANCE.NS,2025-05-16,3561.300048828125,3442.3359375,1666727,0.0
RELIANCE.NS,2025-05-19,3518.800048828125,3401.255615234375,2537377,0.0
RELIANCE.NS,2025-05-20,3498.300048828125,3381.440185546875,2038374,0.0
RELIANCE.NS,2025-05-21,3525.800048828125,3408.021728515625,1440153,0.0
RELIANCE.NS,2025-05-22,3477.0,3360.8515625,2034383,0.0
RELIANCE.NS,2025-05-23,3514.60009765625,3397.19580078125,1274331,0.0
RELIANCE.NS,2025-05-26,3537.300048828125,3419.137451171875,967470,0.0
RELIANCE.NS,2025-05-27,3498.699951171875,3381.826904296875,2467680,0.0
RELIANCE.NS,2025-05-28,3497.699951171875,3380.8603515625,1222933,0.0
RELIANCE.NS,2025-05-29,3498.10009765625,3381.2470703125,3188072,0.0
RELIANCE.NS,2025-05-30,3463.39990234375,3347.7060546875,3404365,0.0
RELIANCE.NS,2025-06-02,3449.800048828125,3334.560546875,1877585,0.0
RELIANCE.NS,2025-06-03,3405.199951171875,3291.4501953125,2848125,0.0
RELIANCE.NS,2025-06-04,3380.89990234375,3297.0087890625,2544807,0.0
RELIANCE.NS,2025-06-05,3371.10009765625,3287.4521484375,3584683,0.0
RELIANCE.NS,2025-06-06,3384.199951171875,3300.226806640625,2070390,0.0
RELIANCE.NS,2025-06-09,3421.89990234375,3336.991455078125,1718678,0.0
RELIANCE.NS,2025-06-10,3462.89990234375,3376.97412109375,2419874,0.0
RELIANCE.NS,2025-06-11,3471.89990234375,3385.750732421875,2847013,0.0
RELIANCE.NS,2025-06-12,3434.199951171875,3348.986328125,4060134,0.0
RELIANCE.NS,2025-06-13,3445.699951171875,3360.200927734375,2178493,0.0
RELIANCE.NS,2025-06-16,3496.300048828125,3409.54541015625,1934088,0.0
RELIANCE.NS,2025-06-17,3515.300048828125,3428.073974609375,2111940,0.0
RELIANCE.NS,2025-06-18,3451.39990234375,3365.759521484375,2696327,0.0
RELIANCE.NS,2025-06-19,3424.0,3339.039306640625,2672768,0.0
RELIANCE.NS,2025-06-20,3435.699951171875,3350.448974609375,2351248,0.0
RELIANCE.NS,2025-06-23,3393.60009765625,3309.393798828125,3123421,0.0
RELIANCE.NS,2025-06-24,3390.39990234375,3306.27294921875,3403048,0.0
RELIANCE.NS,2025-06-25,3444.800048828125,3359.3232421875,1757699,0.0
RELIANCE.NS,2025-06-26,3441.800048828125,3356.397705078125,2879106,0.0
RELIANCE.NS,2025-06-27,3441.10009765625,3355.71533203125,1778433,0.0
RELIANCE.NS,2025-06-30,3462.0,3376.09619140625,1468351,0.0
RELIANCE.NS,2025-07-01,3429.699951171875,3344.597900390625,2375183,0.0
RELIANCE.NS,2025-07-02,3423.300048828125,3338.3564453125,3090585,0.0
RELIANCE.NS,2025-07-03,3400.800048828125,3316.4150390625,2531870,0.0
RELIANCE.NS,2025-07-04,3419.800048828125,3334.943603515625,1109320,0.0
RELIANCE.NS,2025-07-07,3411.699951171875,3327.044677734375,1639174,0.0
RELIANCE.NS,2025-07-08,3406.199951171875,3321.680908203125,2325242,0.0
RELIANCE.NS,2025-07-09,3383.800048828125,3299.837158203125,2034938,0.0
RELIANCE.NS,2025-07-10,3382.0,3298.08154296875,3035012,0.0
RELIANCE.NS,2025-07-11,3266.0,3184.9599609375,7635550,0.0
RELIANCE.NS,2025-07-14,3222.699951171875,3142.734375,3924009,0.0
RELIANCE.NS,2025-07-15,3252.300048828125,3171.599853515625,2590889,0.0
RELIANCE.NS,2025-07-16,3233.10009765625,3163.576171875,2540733,0.0
RELIANCE.NS,2025-07-17,3209.199951171875,3140.18994140625,2947640,0.0
RELIANCE.NS,2025-07-18,3189.89990234375,3121.304931640625,3432645,0.0
RELIANCE.NS,2025-07-21,3158.199951171875,3090.28662109375,3844346,0.0
RELIANCE.NS,2025-07-22,3159.60009765625,3091.65673828125,3198036,0.0
RELIANCE.NS,2025-07-23,3179.10009765625,3110.7373046875,1922875,0.0
RELIANCE.NS,2025-07-24,3148.0,3080.30615234375,2934778,0.0
RELIANCE.NS,2025-07-25,3135.800048828125,3068.368408203125,2568917,0.0
RELIANCE.NS,2025-07-28,3079.300048828125,3013.083251953125,3374473,0.0
RELIANCE.NS,2025-07-29,3056.0,2990.284423828125,4785312,0.0
RELIANCE.NS,2025-07-30,3053.60009765625,2987.93603515625,2880121,0.0
RELIANCE.NS,2025-07-31,3036.800048828125,2971.497314453125,2968371,0.0
RELIANCE.NS,2025-08-01,3003.0,2938.424072265625,2053847,0.0
RELIANCE.NS,2025-08-04,3074.39990234375,3008.28857421875,2519252,0.0
RELIANCE.NS,2025-08-05,3063.89990234375,2998.014404296875,1927996,0.0
RELIANCE.NS,2025-08-06,3032.300048828125,2967.093994140625,1487081,0.0
RELIANCE.NS,2025-08-07,3047.0,2981.47802734375,2543076,0.0
RELIANCE.NS,2025-08-08,3036.39990234375,2971.105712890625,2762140,0.0
RELIANCE.NS,2025-08-11,3040.800048828125,2975.411376953125,1884215,0.0
RELIANCE.NS,2025-08-12,3035.39990234375,2970.127197265625,3358232,0.0
RELIANCE.NS,2025-08-13,3036.199951171875,2970.91015625,2148166,0.0
RELIANCE.NS,2025-08-14,3022.300048828125,2957.30908203125,3342174,0.0
RELIANCE.NS,2025-08-18,3011.199951171875,2946.44775390625,2945609,0.0
RELIANCE.NS,2025-08-19,3016.199951171875,2951.34033203125,2650784,0.0
RELIANCE.NS,2025-08-20,3098.60009765625,3031.96826171875,4952358,0.0
RELIANCE.NS,2025-08-21,3102.60009765625,3035.882568359375,3230726,0.0
RELIANCE.NS,2025-08-22,3054.0,2988.327392578125,1593791,0.0
RELIANCE.NS,2025-08-25,3140.60009765625,3073.065185546875,3448370,0.0
RELIANCE.NS,2025-08-26,3157.199951171875,3089.308349609375,5522097,0.0
RELIANCE.NS,2025-08-28,3093.699951171875,3027.173583984375,3116051,0.0
RELIANCE.NS,2025-08-29,3084.699951171875,3018.3671875,2271789,0.0
RELIANCE.NS,2025-09-01,3112.60009765625,3045.667236328125,1246862,0.0
RELIANCE.NS,2025-09-02,3111.5,3044.5908203125,2185229,0.0
RELIANCE.NS,2025-09-03,3097.5,3030.891845703125,1799774,0.0
RELIANCE.NS,2025-09-04,3095.699951171875,3029.130859375,1481391,0.0
RELIANCE.NS,2025-09-05,3048.300048828125,2982.75,2802055,0.0
RELIANCE.NS,2025-09-08,3019.0,2954.080078125,2626187,0.0
RELIANCE.NS,2025-09-09,3049.39990234375,2983.826171875,2489301,0.0
RELIANCE.NS,2025-09-10,3110.0,3043.123291015625,2079428,0.0
RELIANCE.NS,2025-09-11,3124.199951171875,3057.017822265625,2263446,0.0
RELIANCE.NS,2025-09-12,3133.39990234375,3066.02001953125,1447167,0.0
RELIANCE.NS,2025-09-15,3111.89990234375,3044.982177734375,1732539,0.0
RELIANCE.NS,2025-09-16,3145.699951171875,3078.0556640625,2573429,0.0
RELIANCE.NS,2025-09-17,3172.800048828125,3104.57275390625,2418271,0.0
RELIANCE.NS,2025-09-18,3176.699951171875,3108.388916015625,2633138,0.0
RELIANCE.NS,2025-09-19,3169.199951171875,3101.050048828125,4901694,0.0
RELIANCE.NS,2025-09-22,3073.800048828125,3007.70166015625,3634901,0.0
RELIANCE.NS,2025-09-23,3062.39990234375,2996.546630859375,3177741,0.0
RELIANCE.NS,2025-09-24,3035.39990234375,2970.127197265625,1625714,0.0
RELIANCE.NS,2025-09-25,2957.39990234375,2893.804443359375,4974361,0.0
RELIANCE.NS,2025-09-26,2899.10009765625,2836.758544921875,3934636,0.0
RELIANCE.NS,2025-09-29,2896.10009765625,2833.82275390625,3110035,0.0
RELIANCE.NS,2025-09-30,2888.39990234375,2826.288330078125,2253458,0.0
RELIANCE.NS,2025-10-01,2914.199951171875,2851.53369140625,1952902,0.0
RELIANCE.NS,2025-10-03,2901.89990234375,2839.498046875,2899519,0.0
RELIANCE.NS,2025-10-06,2988.39990234375,2924.137939453125,2112774,0.0
RELIANCE.NS,2025-10-07,2973.699951171875,2909.75390625,3062943,0.0
RELIANCE.NS,2025-10-08,3027.199951171875,2962.103515625,4121889,0.0
RELIANCE.NS,2025-10-09,3061.699951171875,2995.86181640625,3211304,0.0
RELIANCE.NS,2025-10-10,3028.300048828125,2963.179931640625,8817365,0.0
RELIANCE.NS,2025-10-13,3007.199951171875,2942.533935546875,2866865,0.0
RELIANCE.NS,2025-10-14,2960.300048828125,2896.642333984375,3611416,0.0
RELIANCE.NS,2025-10-15,2969.800048828125,2916.7763671875,4282226,0.0
RELIANCE.NS,2025-10-16,2970.699951171875,2917.66015625,3251495,0.0
RELIANCE.NS,2025-10-17,2962.199951171875,2909.311767578125,4374683,0.0
RELIANCE.NS,2025-10-20,3015.199951171875,2961.365478515625,3133039,0.0
RELIANCE.NS,2025-10-21,3006.699951171875,2953.017333984375,310644,0.0
RELIANCE.NS,2025-10-23,3073.199951171875,3018.330078125,5564758,0.0
RELIANCE.NS,2025-10-24,3063.199951171875,3008.508544921875,2684318,0.0
RELIANCE.NS,2025-10-27,3084.89990234375,3029.821044921875,1946312,0.0
RELIANCE.NS,2025-10-28,3057.89990234375,3003.30322265625,3470737,0.0
RELIANCE.NS,2025-10-29,3057.60009765625,3003.0087890625,2895420,0.0
RELIANCE.NS,2025-10-30,3035.300048828125,2981.106689453125,2241536,0.0
RELIANCE.NS,2025-10-31,3058.0,3003.4013671875,1868085,0.0
RELIANCE.NS,2025-11-03,3016.800048828125,2962.93701171875,2194877,0.0
RELIANCE.NS,2025-11-04,2990.199951171875,2936.81201171875,2670720,0.0
RELIANCE.NS,2025-11-06,3010.89990234375,2957.142333984375,2542721,0.0
RELIANCE.NS,2025-11-07,2991.800048828125,2938.383544921875,1830520,0.0
RELIANCE.NS,2025-11-10,3025.199951171875,2971.18701171875,1556656,0.0
RELIANCE.NS,2025-11-11,3047.0,2992.597900390625,2806868,0.0
RELIANCE.NS,2025-11-12,3131.800048828125,3075.8837890625,4460315,0.0
RELIANCE.NS,2025-11-13,3105.699951171875,3050.249755859375,1740435,0.0
RELIANCE.NS,2025-11-14,3106.0,3050.54443359375,2210794,0.0
RELIANCE.NS,2025-11-17,3102.199951171875,3046.812255859375,2232853,0.0
RELIANCE.NS,2025-11-18,3087.10009765625,3031.98193359375,2548350,0.0
RELIANCE.NS,2025-11-19,3147.699951171875,3091.499755859375,3151053,0.0
RELIANCE.NS,2025-11-20,3144.800048828125,3088.65185546875,2700767,0.0
RELIANCE.NS,2025-11-21,3150.60009765625,3094.34814453125,4177037,0.0
RELIANCE.NS,2025-11-24,3141.199951171875,3085.115966796875,6703764,0.0
RELIANCE.NS,2025-11-25,3119.199951171875,3063.5087890625,2737920,0.0
RELIANCE.NS,2025-11-26,3162.89990234375,3106.428466796875,2508527,0.0
RELIANCE.NS,2025-11-27,3136.60009765625,3080.59814453125,2836233,0.0
RELIANCE.NS,2025-11-28,3137.5,3081.48193359375,1616690,0.0
RELIANCE.NS,2025-12-01,3133.39990234375,3077.455078125,1747647,0.0
RELIANCE.NS,2025-12-02,3135.699951171875,3079.714111328125,2512003,0.0
RELIANCE.NS,2025-12-03,3180.0,3123.22314453125,3952112,0.0
RELIANCE.NS,2025-12-04,3229.199951171875,3171.544677734375,5025905,0.0
RELIANCE.NS,2025-12-05,3238.199951171875,3180.384033203125,5244013,0.0
RELIANCE.NS,2025-12-08,3236.5,3178.71435546875,2544725,0.0
RELIANCE.NS,2025-12-09,3208.300048828125,3151.01806640625,2734893,0.0
RELIANCE.NS,2025-12-10,3189.199951171875,3132.259033203125,1386849,0.0
RELIANCE.NS,2025-12-11,3191.89990234375,3134.91064453125,1914362,0.0
RELIANCE.NS,2025-12-12,3220.5,3163.0,1146554,0.0
RELIANCE.NS,2025-12-15,3230.199951171875,3172.52685546875,1562190,0.0
RELIANCE.NS,2025-12-16,3205.10009765625,3147.875244140625,1734623,0.0
RELIANCE.NS,2025-12-17,3217.800048828125,3160.348388671875,1376350,0.0
RELIANCE.NS,2025-12-18,3280.800048828125,3222.2236328125,2307422,0.0
RELIANCE.NS,2025-12-19,3282.0,3223.402099609375,3902511,0.0
RELIANCE.NS,2025-12-22,3324.89990234375,3265.5361328125,2632816,0.0
RELIANCE.NS,2025-12-23,3310.0,3250.902099609375,2365420,0.0
RELIANCE.NS,2025-12-24,3319.0,3259.741455078125,1367708,0.0
RELIANCE.NS,2025-12-26,3280.0,3221.437744140625,1176664,0.0
RELIANCE.NS,2025-12-29,3251.5,3193.446533203125,2079473,0.0
RELIANCE.NS,2025-12-30,3246.800048828125,3188.83056640625,2807593,0.0
RELIANCE.NS,2025-12-31,3206.199951171875,3148.955322265625,3362634,0.0
RELIANCE.NS,2026-01-01,3227.39990234375,3169.77685546875,1255735,0.0
RELIANCE.NS,2026-01-02,3250.699951171875,3192.660888671875,1184324,0.0
RELIANCE.NS,2026-01-05,3216.10009765625,3158.6787109375,2341703,0.0
RELIANCE.NS,2026-01-06,3255.800048828125,3197.669921875,2912325,0.0
RELIANCE.NS,2026-01-07,3295.60009765625,3236.75927734375,1989442,0.0
RELIANCE.NS,2026-01-08,3203.89990234375,3146.6962890625,4159336,0.0
RELIANCE.NS,2026-01-09,3207.800048828125,3150.52685546875,1938673,0.0
RELIANCE.NS,2026-01-12,3239.60009765625,3181.75927734375,2228342,0.0
RELIANCE.NS,2026-01-13,3268.0,3209.652099609375,5645341,0.0
RELIANCE.NS,2026-01-14,3192.5,3135.5,3539511,0.0
RELIANCE.NS,2026-01-15,3192.5,3135.5,0,0.0
RELIANCE.NS,2026-01-16,3206.699951171875,3206.699951171875,4293470,0.0
RELIANCE.NS,2026-01-19,3163.60009765625,3163.60009765625,3387562,0.0
RELIANCE.NS,2026-01-20,3102.300048828125,3102.300048828125,4499273,0.0
RELIANCE.NS,2026-01-21,3122.60009765625,3122.60009765625,2015150,0.0
RELIANCE.NS,2026-01-22,3150.39990234375,3150.39990234375,2269827,0.0
RELIANCE.NS,2026-01-23,3162.5,3162.5,2068857,0.0
RELIANCE.NS,2026-01-27,3158.0,3158.0,4279874,0.0
RELIANCE.NS,2026-01-28,3200.10009765625,3200.10009765625,2751234,0.0
RELIANCE.NS,2026-01-29,3144.39990234375,3144.39990234375,2457641,0.0
RELIANCE.NS,2026-01-30,3123.89990234375,3123.89990234375,3022068,0.0
RELIANCE.NS,2026-02-02,3169.60009765625,3169.60009765625,2636272,0.0
RELIANCE.NS,2026-02-03,3225.300048828125,3225.300048828125,4366060,0.0
RELIANCE.NS,2026-02-04,2999.10009765625,2999.10009765625,10852595,0.0
RELIANCE.NS,2026-02-05,2991.5,2991.5,3521545,0.0
RELIANCE.NS,2026-02-06,2941.60009765625,2941.60009765625,4687389,0.0
RELIANCE.NS,2026-02-09,2948.199951171875,2948.199951171875,2380318,0.0
RELIANCE.NS,2026-02-10,2984.60009765625,2984.60009765625,3547000,0.0
SYMPHONY.NS,2025-02-10,1205.550048828125,1190.29150390625,115206,0.0
SYMPHONY.NS,2025-02-11,1139.0,1126.4525146484375,260565,0.0
SYMPHONY.NS,2025-02-12,1116.050048828125,1103.75537109375,354344,0.0
SYMPHONY.NS,2025-02-13,1121.4000244140625,1109.04638671875,111153,0.0
SYMPHONY.NS,2025-02-14,1100.75,1088.6239013671875,148821,0.0
SYMPHONY.NS,2025-02-17,1111.300048828125,1099.0577392578125,131432,0.0
SYMPHONY.NS,2025-02-18,1104.5999755859375,1092.431396484375,48093,0.0
SYMPHONY.NS,2025-02-19,1113.300048828125,1101.03564453125,99112,0.0
SYMPHONY.NS,2025-02-20,1144.5999755859375,1131.99072265625,88575,0.0
SYMPHONY.NS,2025-02-21,1139.75,1127.1942138671875,91163,0.0
SYMPHONY.NS,2025-02-24,1155.9000244140625,1143.1663818359375,150135,0.0
SYMPHONY.NS,2025-02-25,1133.949951171875,1121.4580078125,66789,0.0
SYMPHONY.NS,2025-02-27,1111.1500244140625,1098.9091796875,70151,0.0
SYMPHONY.NS,2025-02-28,1062.0999755859375,1050.399658203125,168352,0.0
SYMPHONY.NS,2025-03-03,1094.75,1082.6900634765625,169443,0.0
SYMPHONY.NS,2025-03-04,1122.4000244140625,1110.035400390625,155454,0.0
SYMPHONY.NS,2025-03-05,1148.1500244140625,1135.5015869140625,146301,0.0
SYMPHONY.NS,2025-03-06,1161.800048828125,1149.0013427734375,114444,0.0
SYMPHONY.NS,2025-03-07,1151.300048828125,1138.6170654296875,62055,0.0
SYMPHONY.NS,2025-03-10,1146.050048828125,1133.4248046875,80274,0.0
SYMPHONY.NS,2025-03-11,1185.75,1172.6875,113551,0.0
SYMPHONY.NS,2025-03-12,1183.6500244140625,1170.6107177734375,106202,0.0
SYMPHONY.NS,2025-03-13,1156.199951171875,1143.462890625,70346,0.0
SYMPHONY.NS,2025-03-17,1170.800048828125,1157.9022216796875,60766,0.0
SYMPHONY.NS,2025-03-18,1170.800048828125,1157.9022216796875,0,0.0
SYMPHONY.NS,2025-03-19,1168.949951171875,1156.072509765625,173704,0.0
SYMPHONY.NS,2025-03-20,1153.050048828125,1140.3477783203125,82442,0.0
SYMPHONY.NS,2025-03-21,1157.1500244140625,1144.402587890625,108605,0.0
SYMPHONY.NS,2025-03-24,1173.300048828125,1160.3746337890625,121926,0.0
SYMPHONY.NS,2025-03-25,1134.0,1121.507568359375,133604,0.0
SYMPHONY.NS,2025-03-26,1139.9000244140625,1127.3426513671875,67862,0.0
SYMPHONY.NS,2025-03-27,1154.800048828125,1142.078369140625,96632,0.0
SYMPHONY.NS,2025-03-28,1121.199951171875,1108.8486328125,168167,0.0
SYMPHONY.NS,2025-04-01,1117.6500244140625,1105.3377685546875,107393,0.0
SYMPHONY.NS,2025-04-02,1134.699951171875,1122.19970703125,88404,0.0
SYMPHONY.NS,2025-04-03,1142.5,1129.9139404296875,49698,0.0
SYMPHONY.NS,2025-04-04,1092.6500244140625,1080.6131591796875,94272,0.0
SYMPHONY.NS,2025-04-07,1098.800048828125,1086.6954345703125,145840,0.0
SYMPHONY.NS,2025-04-08,1106.0,1093.8160400390625,93476,0.0
SYMPHONY.NS,2025-04-09,1103.699951171875,1091.5413818359375,74761,0.0
SYMPHONY.NS,2025-04-11,1135.75,1123.23828125,88370,0.0
SYMPHONY.NS,2025-04-15,1162.699951171875,1149.891357421875,126897,0.0
SYMPHONY.NS,2025-04-16,1142.300048828125,1129.7161865234375,65074,0.0
SYMPHONY.NS,2025-04-17,1161.699951171875,1148.90234375,149699,0.0
SYMPHONY.NS,2025-04-21,1175.5999755859375,1162.6492919921875,143515,0.0
SYMPHONY.NS,2025-04-22,1215.199951171875,1201.8131103515625,255956,0.0
SYMPHONY.NS,2025-04-23,1195.199951171875,1182.0333251953125,156923,0.0
SYMPHONY.NS,2025-04-24,1189.5999755859375,1176.4951171875,69778,0.0
SYMPHONY.NS,2025-04-25,1160.800048828125,1148.01220703125,105902,0.0
SYMPHONY.NS,2025-04-28,1160.4000244140625,1147.6168212890625,74442,0.0
SYMPHONY.NS,2025-04-29,1183.0999755859375,1170.066650390625,123464,0.0
SYMPHONY.NS,2025-04-30,1153.9000244140625,1141.1884765625,103146,0.0
SYMPHONY.NS,2025-05-02,1133.199951171875,1120.71630859375,59287,0.0
SYMPHONY.NS,2025-05-05,1193.5,1180.35205078125,135930,0.0
SYMPHONY.NS,2025-05-06,1190.800048828125,1177.681884765625,138760,0.0
SYMPHONY.NS,2025-05-07,1199.9000244140625,1186.681640625,199606,0.0
SYMPHONY.NS,2025-05-08,1275.0999755859375,1261.05322265625,4453350,0.0
SYMPHONY.NS,2025-05-09,1253.0999755859375,1239.29541015625,396290,0.0
SYMPHONY.NS,2025-05-12,1295.0999755859375,1280.832763671875,274825,0.0
SYMPHONY.NS,2025-05-13,1321.199951171875,1306.6451416015625,258424,0.0
SYMPHONY.NS,2025-05-14,1296.699951171875,1282.4151611328125,120750,0.0
SYMPHONY.NS,2025-05-15,1308.800048828125,1294.3818359375,152192,0.0
SYMPHONY.NS,2025-05-16,1286.5,1272.32763671875,105153,0.0
SYMPHONY.NS,2025-05-19,1274.5,1260.459716796875,126266,0.0
SYMPHONY.NS,2025-05-20,1265.0999755859375,1251.1632080078125,247514,0.0
SYMPHONY.NS,2025-05-21,1266.4000244140625,1252.4490966796875,123056,0.0
SYMPHONY.NS,2025-05-22,1259.9000244140625,1246.0206298828125,87012,0.0
SYMPHONY.NS,2025-05-23,1245.699951171875,1231.97705078125,45677,0.0
SYMPHONY.NS,2025-05-26,1227.5999755859375,1214.076416015625,88306,0.0
SYMPHONY.NS,2025-05-27,1231.199951171875,1217.6368408203125,72901,0.0
SYMPHONY.NS,2025-05-28,1215.199951171875,1201.8131103515625,50683,0.0
SYMPHONY.NS,2025-05-29,1233.0,1219.4169921875,77086,0.0
SYMPHONY.NS,2025-05-30,1219.0,1205.5711669921875,81945,0.0
SYMPHONY.NS,2025-06-02,1212.199951171875,1198.8460693359375,94295,0.0
SYMPHONY.NS,2025-06-03,1187.0999755859375,1174.0225830078125,63129,0.0
SYMPHONY.NS,2025-06-04,1173.300048828125,1160.3746337890625,51280,0.0
SYMPHONY.NS,2025-06-05,1159.699951171875,1146.92431640625,73513,0.0
SYMPHONY.NS,2025-06-06,1150.5999755859375,1137.9246826171875,60455,0.0
SYMPHONY.NS,2025-06-09,1179.300048828125,1166.30859375,95719,0.0
SYMPHONY.NS,2025-06-10,1184.800048828125,1171.748046875,81297,0.0
SYMPHONY.NS,2025-06-11,1189.800048828125,1176.69287109375,66717,0.0
SYMPHONY.NS,2025-06-12,1163.5999755859375,1150.781494140625,57719,0.0
SYMPHONY.NS,2025-06-13,1138.199951171875,1125.6612548828125,77245,0.0
SYMPHONY.NS,2025-06-16,1142.9000244140625,1130.3095703125,73227,0.0
SYMPHONY.NS,2025-06-17,1133.4000244140625,1120.9141845703125,38034,0.0
SYMPHONY.NS,2025-06-18,1095.0,1082.9371337890625,124616,0.0
SYMPHONY.NS,2025-06-19,1087.0999755859375,1075.124267578125,105442,0.0
SYMPHONY.NS,2025-06-20,1080.300048828125,1068.399169921875,41790,0.0
SYMPHONY.NS,2025-06-23,1070.0,1058.2125244140625,49060,0.0
SYMPHONY.NS,2025-06-24,1074.0,1062.1685791015625,95346,0.0
SYMPHONY.NS,2025-06-25,1082.5,1070.5748291015625,88617,0.0
SYMPHONY.NS,2025-06-26,1080.4000244140625,1068.498046875,75285,0.0
SYMPHONY.NS,2025-06-27,1081.800048828125,1069.882568359375,60370,0.0
SYMPHONY.NS,2025-06-30,1075.199951171875,1063.355224609375,100484,0.0
SYMPHONY.NS,2025-07-01,1118.5,1106.17822265625,205438,0.0
SYMPHONY.NS,2025-07-02,1106.699951171875,1094.50830078125,100131,0.0
SYMPHONY.NS,2025-07-03,1129.199951171875,1116.7603759765625,71888,0.0
SYMPHONY.NS,2025-07-04,1130.699951171875,1118.243896484375,61840,0.0
SYMPHONY.NS,2025-07-07,1151.5,1138.8148193359375,104511,0.0
SYMPHONY.NS,2025-07-08,1154.0,1141.287353515625,42931,0.0
SYMPHONY.NS,2025-07-09,1153.4000244140625,1140.69384765625,44121,0.0
SYMPHONY.NS,2025-07-10,1160.0999755859375,1147.320068359375,22934,0.0
SYMPHONY.NS,2025-07-11,1149.300048828125,1136.6390380859375,35250,0.0
SYMPHONY.NS,2025-07-14,1146.5999755859375,1133.96875,30361,0.0
SYMPHONY.NS,2025-07-15,1170.300048828125,1157.40771484375,61507,0.0
SYMPHONY.NS,2025-07-16,1186.0999755859375,1173.0335693359375,63986,0.0
SYMPHONY.NS,2025-07-17,1176.5,1163.5394287109375,92037,0.0
SYMPHONY.NS,2025-07-18,1160.300048828125,1155.3741455078125,26898,0.0
SYMPHONY.NS,2025-07-21,1156.699951171875,1151.789306640625,33191,0.0
SYMPHONY.NS,2025-07-22,1163.5999755859375,1158.66015625,37573,0.0
SYMPHONY.NS,2025-07-23,1131.9000244140625,1127.0948486328125,49015,0.0
SYMPHONY.NS,2025-07-24,1129.0999755859375,1124.306640625,31044,0.0
SYMPHONY.NS,2025-07-25,1116.0,1111.26220703125,51043,0.0
SYMPHONY.NS,2025-07-28,1108.800048828125,1104.0928955078125,32986,0.0
SYMPHONY.NS,2025-07-29,1128.800048828125,1124.0079345703125,35747,0.0
SYMPHONY.NS,2025-07-30,1140.0,1135.1602783203125,20551,0.0
SYMPHONY.NS,2025-07-31,1114.9000244140625,1110.1669921875,35589,0.0
SYMPHONY.NS,2025-08-01,1091.800048828125,1087.1649169921875,412059,0.0
SYMPHONY.NS,2025-08-04,1054.0999755859375,1049.625,88351,0.0
SYMPHONY.NS,2025-08-05,1020.2000122070312,1015.8689575195312,99881,0.0
SYMPHONY.NS,2025-08-06,984.9000244140624,980.7188110351562,72981,0.0
SYMPHONY.NS,2025-08-07,974.0999755859376,970.950439453125,84999,0.0
SYMPHONY.NS,2025-08-08,959.4000244140624,956.2979736328124,53870,0.0
SYMPHONY.NS,2025-08-11,961.5999755859376,958.4908447265624,65453,0.0
SYMPHONY.NS,2025-08-12,958.4000244140624,955.3012084960938,36405,0.0
SYMPHONY.NS,2025-08-13,954.7000122070312,951.6132202148438,39889,0.0
SYMPHONY.NS,2025-08-14,944.2999877929688,941.2467651367188,32217,0.0
SYMPHONY.NS,2025-08-18,977.5999755859376,974.4391479492188,95589,0.0
SYMPHONY.NS,2025-08-19,960.0999755859376,956.9957275390624,56369,0.0
SYMPHONY.NS,2025-08-20,959.7999877929688,956.6966552734376,75545,0.0
SYMPHONY.NS,2025-08-21,961.5,958.3911743164062,24073,0.0
SYMPHONY.NS,2025-08-22,957.5999755859376,954.5037841796876,22724,0.0
SYMPHONY.NS,2025-08-25,954.0999755859376,951.01513671875,28022,0.0
SYMPHONY.NS,2025-08-26,931.2000122070312,928.1891479492188,80102,0.0
SYMPHONY.NS,2025-08-28,942.5,939.45263671875,41262,0.0
SYMPHONY.NS,2025-08-29,933.2999877929688,930.2823486328124,19699,0.0
SYMPHONY.NS,2025-09-01,942.4500122070312,939.40283203125,15434,0.0
SYMPHONY.NS,2025-09-02,953.5,950.4170532226562,36700,0.0
SYMPHONY.NS,2025-09-03,955.4000244140624,952.3109741210938,19870,0.0
SYMPHONY.NS,2025-09-04,942.7000122070312,939.6519775390624,47890,0.0
SYMPHONY.NS,2025-09-05,946.0499877929688,942.9911499023438,32316,0.0
SYMPHONY.NS,2025-09-08,945.1500244140624,942.0941162109376,20009,0.0
SYMPHONY.NS,2025-09-09,943.0999755859376,940.0506591796876,24490,0.0
SYMPHONY.NS,2025-09-10,941.2000122070312,938.1568603515624,33138,0.0
SYMPHONY.NS,2025-09-11,942.1500244140624,939.103759765625,71774,0.0
SYMPHONY.NS,2025-09-12,941.1500244140624,938.1070556640624,20589,0.0
SYMPHONY.NS,2025-09-15,937.4500122070312,934.4190063476562,24367,0.0
SYMPHONY.NS,2025-09-16,951.5,948.4235229492188,74707,0.0
SYMPHONY.NS,2025-09-17,953.25,950.1679077148438,25250,0.0
SYMPHONY.NS,2025-09-18,941.75,938.705078125,43343,0.0
SYMPHONY.NS,2025-09-19,954.2000122070312,951.1148071289062,69572,0.0
SYMPHONY.NS,2025-09-22,937.8499755859376,934.817626953125,40596,0.0
SYMPHONY.NS,2025-09-23,922.25,919.2681274414062,81910,0.0
SYMPHONY.NS,2025-09-24,917.7999877929688,914.8324584960938,26145,0.0
SYMPHONY.NS,2025-09-25,914.5,911.5431518554688,49363,0.0
SYMPHONY.NS,2025-09-26,902.7999877929688,899.8809814453125,39665,0.0
SYMPHONY.NS,2025-09-29,894.0999755859375,891.2091064453125,34856,0.0
SYMPHONY.NS,2025-09-30,905.1500244140624,902.2234497070312,46134,0.0
SYMPHONY.NS,2025-10-01,912.5,909.5496215820312,54419,0.0
SYMPHONY.NS,2025-10-03,921.0499877929688,918.0719604492188,22242,0.0
SYMPHONY.NS,2025-10-06,919.5999755859376,916.6266479492188,17922,0.0
SYMPHONY.NS,2025-10-07,901.25,898.3360595703125,47303,0.0
SYMPHONY.NS,2025-10-08,896.9000244140625,894.0001220703125,33492,0.0
SYMPHONY.NS,2025-10-09,894.3499755859375,891.4583129882812,37487,0.0
SYMPHONY.NS,2025-10-10,894.1500244140625,891.2589721679688,26508,0.0
SYMPHONY.NS,2025-10-13,882.4500122070312,879.5968017578125,40088,0.0
SYMPHONY.NS,2025-10-14,875.9000244140625,873.0679931640625,34446,0.0
SYMPHONY.NS,2025-10-15,875.5999755859375,872.7689208984375,97235,0.0
SYMPHONY.NS,2025-10-16,886.0999755859375,883.2349853515625,49807,0.0
SYMPHONY.NS,2025-10-17,897.8499755859375,894.9469604492188,57722,0.0
SYMPHONY.NS,2025-10-20,915.7999877929688,912.8389892578124,85954,0.0
SYMPHONY.NS,2025-10-21,926.7000122070312,923.7037353515624,26352,0.0
SYMPHONY.NS,2025-10-23,912.25,909.3004150390624,64513,0.0
SYMPHONY.NS,2025-10-24,903.7000122070312,900.778076171875,49536,0.0
SYMPHONY.NS,2025-10-27,901.75,898.8344116210938,37120,0.0
SYMPHONY.NS,2025-10-28,899.25,896.3424682617188,43774,0.0
SYMPHONY.NS,2025-10-29,914.3499755859376,911.3936157226562,31590,0.0
SYMPHONY.NS,2025-10-30,934.3499755859376,931.3289794921876,78792,0.0
SYMPHONY.NS,2025-10-31,934.7999877929688,931.7775268554688,115660,0.0
SYMPHONY.NS,2025-11-03,946.5,943.439697265625,46988,0.0
SYMPHONY.NS,2025-11-04,937.75,934.7179565429688,41877,0.0
SYMPHONY.NS,2025-11-06,938.75,935.7147827148438,416854,0.0
SYMPHONY.NS,2025-11-07,901.4000244140624,898.4855346679688,108581,0.0
SYMPHONY.NS,2025-11-10,896.2999877929688,893.4019775390625,31153,0.0
SYMPHONY.NS,2025-11-11,902.8499755859376,899.9308471679688,39081,0.0
SYMPHONY.NS,2025-11-12,891.0,889.1039428710938,46217,0.0
SYMPHONY.NS,2025-11-13,888.2999877929688,886.40966796875,49412,0.0
SYMPHONY.NS,2025-11-14,888.2000122070312,886.3099365234375,35331,0.0
SYMPHONY.NS,2025-11-17,883.0499877929688,881.1708374023438,48676,0.0
SYMPHONY.NS,2025-11-18,872.4500122070312,870.5934448242188,49730,0.0
SYMPHONY.NS,2025-11-19,868.0999755859375,866.2526245117188,42619,0.0
SYMPHONY.NS,2025-11-20,868.3499755859375,866.5021362304688,41067,0.0
SYMPHONY.NS,2025-11-21,867.0,865.155029296875,37578,0.0
SYMPHONY.NS,2025-11-24,862.7000122070312,860.8641967773438,51116,0.0
SYMPHONY.NS,2025-11-25,857.4000244140625,855.5755004882812,54220,0.0
SYMPHONY.NS,2025-11-26,868.2000122070312,866.3524780273438,26606,0.0
SYMPHONY.NS,2025-11-27,863.0499877929688,861.2134399414062,27983,0.0
SYMPHONY.NS,2025-11-28,861.75,859.9161987304688,21699,0.0
SYMPHONY.NS,2025-12-01,867.25,865.4044799804688,22131,0.0
SYMPHONY.NS,2025-12-02,863.6500244140625,861.8121948242188,25168,0.0
SYMPHONY.NS,2025-12-03,858.0999755859375,856.27392578125,26060,0.0
SYMPHONY.NS,2025-12-04,861.3499755859375,859.5170288085938,37608,0.0
SYMPHONY.NS,2025-12-05,874.1500244140625,872.2898559570312,49725,0.0
SYMPHONY.NS,2025-12-08,878.7999877929688,876.9298706054688,83020,0.0
SYMPHONY.NS,2025-12-09,890.3499755859375,888.455322265625,79530,0.0
SYMPHONY.NS,2025-12-10,881.2000122070312,879.3248291015625,21983,0.0
SYMPHONY.NS,2025-12-11,872.0999755859375,870.244140625,27510,0.0
SYMPHONY.NS,2025-12-12,869.3499755859375,867.5,19605,0.0
SYMPHONY.NS,2025-12-15,870.0,868.1486206054688,20739,0.0
SYMPHONY.NS,2025-12-16,864.5,862.6603393554688,15964,0.0
SYMPHONY.NS,2025-12-17,860.25,858.4193725585938,30946,0.0
SYMPHONY.NS,2025-12-18,845.75,843.9502563476562,82118,0.0
SYMPHONY.NS,2025-12-19,840.0,838.2124633789062,62599,0.0
SYMPHONY.NS,2025-12-22,847.2000122070312,845.3971557617188,229603,0.0
SYMPHONY.NS,2025-12-23,840.5,838.71142578125,84870,0.0
SYMPHONY.NS,2025-12-24,844.5,842.702880859375,32618,0.0
SYMPHONY.NS,2025-12-26,861.4000244140625,859.5669555664062,84748,0.0
SYMPHONY.NS,2025-12-29,853.25,851.4342651367188,45918,0.0
SYMPHONY.NS,2025-12-30,863.3499755859375,861.5127563476562,58463,0.0
SYMPHONY.NS,2025-12-31,881.8499755859375,879.973388671875,72476,0.0
SYMPHONY.NS,2026-01-01,916.7000122070312,914.749267578125,113311,0.0
SYMPHONY.NS,2026-01-02,916.0,914.0507202148438,78922,0.0
SYMPHONY.NS,2026-01-05,920.2000122070312,918.2418212890624,51470,0.0
SYMPHONY.NS,2026-01-06,918.6500244140624,916.6951293945312,75082,0.0
SYMPHONY.NS,2026-01-07,931.25,929.268310546875,88062,0.0
SYMPHONY.NS,2026-01-08,936.9000244140624,934.9063110351562,61021,0.0
SYMPHONY.NS,2026-01-09,903.2999877929688,901.3777465820312,64728,0.0
SYMPHONY.NS,2026-01-12,905.7000122070312,903.772705078125,70191,0.0
SYMPHONY.NS,2026-01-13,905.1500244140624,903.223876953125,42071,0.0
SYMPHONY.NS,2026-01-14,904.1500244140624,902.2260131835938,33524,0.0
SYMPHONY.NS,2026-01-15,904.1500244140624,902.2260131835938,0,0.0
SYMPHONY.NS,2026-01-16,894.5,892.5964965820312,25507,0.0
SYMPHONY.NS,2026-01-19,891.8499755859375,889.9520874023438,29494,0.0
SYMPHONY.NS,2026-01-20,854.8499755859375,853.0308227539062,102634,0.0
SYMPHONY.NS,2026-01-21,850.5499877929688,848.739990234375,51766,0.0
SYMPHONY.NS,2026-01-22,855.0,853.1805419921875,46282,0.0
SYMPHONY.NS,2026-01-23,850.0,848.1912231445312,30617,0.0
SYMPHONY.NS,2026-01-27,827.7999877929688,826.0384521484375,92807,0.0
SYMPHONY.NS,2026-01-28,839.7999877929688,838.0128784179688,64880,0.0
SYMPHONY.NS,2026-01-29,880.9000244140625,879.0254516601562,216553,0.0
SYMPHONY.NS,2026-01-30,923.1500244140624,921.185546875,151432,0.0
SYMPHONY.NS,2026-02-02,939.8499755859376,937.8499755859376,98380,0.0
SYMPHONY.NS,2026-02-03,929.1500244140624,929.1500244140624,76949,0.0
SYMPHONY.NS,2026-02-04,946.0,946.0,43824,0.0
SYMPHONY.NS,2026-02-05,937.7999877929688,937.7999877929688,23254,0.0
SYMPHONY.NS,2026-02-06,931.2000122070312,931.2000122070312,22423,0.0
SYMPHONY.NS,2026-02-09,954.75,954.75,45895,0.0
SYMPHONY.NS,2026-02-10,957.75,957.75,49612,0.0
OVOBELE.BO,2025-02-10,76.58999633789062,76.58999633789062,7854,0.0
OVOBELE.BO,2025-02-11,72.7699966430664,72.7699966430664,4806,0.0
OVOBELE.BO,2025-02-12,69.13999938964844,69.13999938964844,6890,0.0
OVOBELE.BO,2025-02-13,66.8499984741211,66.8499984741211,32373,0.0
OVOBELE.BO,2025-02-14,65.86000061035156,65.86000061035156,35549,0.0
OVOBELE.BO,2025-02-17,65.5,65.5,6580,0.0
OVOBELE.BO,2025-02-18,68.7699966430664,68.7699966430664,4826,0.0
OVOBELE.BO,2025-02-19,72.19999694824219,72.19999694824219,1926,0.0
OVOBELE.BO,2025-02-20,75.80999755859375,75.80999755859375,1433,0.0
OVOBELE.BO,2025-02-21,76.88999938964844,76.88999938964844,38293,0.0
OVOBELE.BO,2025-02-24,73.05000305175781,73.05000305175781,1304,0.0
OVOBELE.BO,2025-02-25,71.58999633789062,71.58999633789062,2111,0.0
OVOBELE.BO,2025-02-27,70.16000366210938,70.16000366210938,3741,0.0
OVOBELE.BO,2025-02-28,68.76000213623047,68.76000213623047,2465,0.0
OVOBELE.BO,2025-03-03,68.76000213623047,68.76000213623047,3138,0.0
OVOBELE.BO,2025-03-04,70.12999725341797,70.12999725341797,27282,0.0
OVOBELE.BO,2025-03-05,69.05000305175781,69.05000305175781,7901,0.0
OVOBELE.BO,2025-03-06,70.43000030517578,70.43000030517578,19515,0.0
OVOBELE.BO,2025-03-07,71.83000183105469,71.83000183105469,961,0.0
OVOBELE.BO,2025-03-10,70.4000015258789,70.4000015258789,477,0.0
OVOBELE.BO,2025-03-11,69.0,69.0,443,0.0
OVOBELE.BO,2025-03-12,67.62000274658203,67.62000274658203,388,0.0
OVOBELE.BO,2025-03-13,66.2699966430664,66.2699966430664,1056,0.0
OVOBELE.BO,2025-03-17,64.94999694824219,64.94999694824219,889,0.0
OVOBELE.BO,2025-03-18,63.65999984741211,63.65999984741211,2694,0.0
OVOBELE.BO,2025-03-19,64.93000030517578,64.93000030517578,5689,0.0
OVOBELE.BO,2025-03-20,64.1500015258789,64.1500015258789,5649,0.0
OVOBELE.BO,2025-03-21,63.0099983215332,63.0099983215332,6717,0.0
OVOBELE.BO,2025-03-24,64.2699966430664,64.2699966430664,3515,0.0
OVOBELE.BO,2025-03-25,62.9900016784668,62.9900016784668,6567,0.0
OVOBELE.BO,2025-03-26,61.7599983215332,61.7599983215332,2383,0.0
OVOBELE.BO,2025-03-27,60.529998779296875,60.529998779296875,6137,0.0
OVOBELE.BO,2025-03-28,59.31999969482422,59.31999969482422,10738,0.0
OVOBELE.BO,2025-04-01,62.27000045776367,62.27000045776367,3860,0.0
OVOBELE.BO,2025-04-02,65.37999725341797,65.37999725341797,3363,0.0
OVOBELE.BO,2025-04-03,68.63999938964844,68.63999938964844,1338,0.0
OVOBELE.BO,2025-04-04,72.06999969482422,72.06999969482422,1532,0.0
OVOBELE.BO,2025-04-07,69.02999877929688,69.02999877929688,4160,0.0
OVOBELE.BO,2025-04-08,71.0,71.0,1927,0.0
OVOBELE.BO,2025-04-09,73.81999969482422,73.81999969482422,1448,0.0
OVOBELE.BO,2025-04-11,72.47000122070312,72.47000122070312,4679,0.0
OVOBELE.BO,2025-04-15,69.37999725341797,69.37999725341797,5120,0.0
OVOBELE.BO,2025-04-16,69.6500015258789,69.6500015258789,2157,0.0
OVOBELE.BO,2025-04-17,67.0199966430664,67.0199966430664,1959,0.0
OVOBELE.BO,2025-04-21,66.05000305175781,66.05000305175781,9728,0.0
OVOBELE.BO,2025-04-22,68.01000213623047,68.01000213623047,2551,0.0
OVOBELE.BO,2025-04-23,68.05999755859375,68.05999755859375,1444,0.0
OVOBELE.BO,2025-04-24,69.0,69.0,1660,0.0
OVOBELE.BO,2025-04-25,68.55000305175781,68.55000305175781,576,0.0
OVOBELE.BO,2025-04-28,67.66999816894531,67.66999816894531,3197,0.0
OVOBELE.BO,2025-04-29,65.04000091552734,65.04000091552734,4684,0.0
OVOBELE.BO,2025-04-30,64.79000091552734,64.79000091552734,1168,0.0
OVOBELE.BO,2025-05-02,63.0,63.0,916,0.0
OVOBELE.BO,2025-05-05,67.62000274658203,67.62000274658203,7889,0.0
OVOBELE.BO,2025-05-06,68.98999786376953,68.98999786376953,11483,0.0
OVOBELE.BO,2025-05-07,82.72000122070312,82.72000122070312,54277,0.0
OVOBELE.BO,2025-05-08,72.61000061035156,72.61000061035156,23855,0.0
OVOBELE.BO,2025-05-09,71.2300033569336,71.2300033569336,12291,0.0
OVOBELE.BO,2025-05-12,77.0,77.0,5988,0.0
OVOBELE.BO,2025-05-13,74.5,74.5,2226,0.0
OVOBELE.BO,2025-05-14,76.98999786376953,76.98999786376953,2221,0.0
OVOBELE.BO,2025-05-15,74.95999908447266,74.95999908447266,4983,0.0
OVOBELE.BO,2025-05-16,78.23999786376953,78.23999786376953,4915,0.0
OVOBELE.BO,2025-05-19,87.38999938964844,87.38999938964844,10887,0.0
OVOBELE.BO,2025-05-20,85.36000061035156,85.36000061035156,6729,0.0
OVOBELE.BO,2025-05-21,84.9000015258789,84.9000015258789,2619,0.0
OVOBELE.BO,2025-05-22,82.2300033569336,82.2300033569336,2190,0.0
OVOBELE.BO,2025-05-23,78.77999877929688,78.77999877929688,4606,0.0
OVOBELE.BO,2025-05-26,79.23999786376953,79.23999786376953,5070,0.0
OVOBELE.BO,2025-05-27,81.19999694824219,81.19999694824219,5096,0.0
OVOBELE.BO,2025-05-28,97.44000244140625,97.44000244140625,39550,0.0
OVOBELE.BO,2025-05-29,116.91999816894531,116.91999816894531,143435,0.0
OVOBELE.BO,2025-05-30,107.62000274658203,107.62000274658203,59233,0.0
OVOBELE.BO,2025-06-02,102.3499984741211,102.3499984741211,10863,0.0
OVOBELE.BO,2025-06-03,97.4000015258789,97.4000015258789,10910,0.0
OVOBELE.BO,2025-06-04,101.9000015258789,101.9000015258789,7920,0.0
OVOBELE.BO,2025-06-05,106.9000015258789,106.9000015258789,9719,0.0
OVOBELE.BO,2025-06-06,103.44999694824219,103.44999694824219,5176,0.0
OVOBELE.BO,2025-06-09,103.19999694824219,103.19999694824219,1705,0.0
OVOBELE.BO,2025-06-10,104.25,104.25,3959,0.0
OVOBELE.BO,2025-06-11,103.5,103.5,4250,0.0
OVOBELE.BO,2025-06-12,101.55000305175781,101.55000305175781,5112,0.0
OVOBELE.BO,2025-06-13,102.55000305175781,102.55000305175781,6626,0.0
OVOBELE.BO,2025-06-16,103.1500015258789,103.1500015258789,7121,0.0
OVOBELE.BO,2025-06-17,108.0999984741211,108.0999984741211,12798,0.0
OVOBELE.BO,2025-06-18,111.19999694824219,111.19999694824219,9220,0.0
OVOBELE.BO,2025-06-19,111.94999694824219,111.94999694824219,9618,0.0
OVOBELE.BO,2025-06-20,115.94999694824219,115.94999694824219,9411,0.0
OVOBELE.BO,2025-06-23,119.69999694824219,119.69999694824219,20146,0.0
OVOBELE.BO,2025-06-24,125.6500015258789,125.6500015258789,14140,0.0
OVOBELE.BO,2025-06-25,123.1500015258789,123.1500015258789,7791,0.0
OVOBELE.BO,2025-06-26,120.69999694824219,120.69999694824219,536,0.0
OVOBELE.BO,2025-06-27,118.30000305175781,118.30000305175781,199,0.0
OVOBELE.BO,2025-06-30,115.94999694824219,115.94999694824219,3277,0.0
OVOBELE.BO,2025-07-01,113.6500015258789,113.6500015258789,612,0.0
OVOBELE.BO,2025-07-02,111.4000015258789,111.4000015258789,178,0.0
OVOBELE.BO,2025-07-03,109.19999694824219,109.19999694824219,3150,0.0
OVOBELE.BO,2025-07-04,108.0999984741211,108.0999984741211,2687,0.0
OVOBELE.BO,2025-07-07,105.94999694824219,105.94999694824219,1935,0.0
OVOBELE.BO,2025-07-08,103.8499984741211,103.8499984741211,1311,0.0
OVOBELE.BO,2025-07-09,104.0,104.0,1326,0.0
OVOBELE.BO,2025-07-10,104.94999694824219,104.94999694824219,1076,0.0
OVOBELE.BO,2025-07-11,107.0,107.0,1429,0.0
OVOBELE.BO,2025-07-14,109.0999984741211,109.0999984741211,13339,0.0
OVOBELE.BO,2025-07-15,111.25,111.25,5683,0.0
OVOBELE.BO,2025-07-16,113.44999694824219,113.44999694824219,5113,0.0
OVOBELE.BO,2025-07-17,115.69999694824219,115.69999694824219,1067,0.0
OVOBELE.BO,2025-07-18,118.0,118.0,2238,0.0
OVOBELE.BO,2025-07-21,120.3499984741211,120.3499984741211,1276,0.0
OVOBELE.BO,2025-07-22,122.75,122.75,1527,0.0
OVOBELE.BO,2025-07-23,125.19999694824219,125.19999694824219,1423,0.0
OVOBELE.BO,2025-07-24,127.69999694824219,127.69999694824219,2315,0.0
OVOBELE.BO,2025-07-25,130.25,130.25,3241,0.0
OVOBELE.BO,2025-07-28,132.85000610351562,132.85000610351562,4505,0.0
OVOBELE.BO,2025-07-29,130.1999969482422,130.1999969482422,9290,0.0
OVOBELE.BO,2025-07-30,127.5999984741211,127.5999984741211,87,0.0
OVOBELE.BO,2025-07-31,130.14999389648438,130.14999389648438,19960,0.0
OVOBELE.BO,2025-08-01,132.75,132.75,3620,0.0
OVOBELE.BO,2025-08-04,139.35000610351562,139.35000610351562,10528,0.0
OVOBELE.BO,2025-08-05,144.89999389648438,144.89999389648438,37438,0.0
OVOBELE.BO,2025-08-06,137.6999969482422,137.6999969482422,3977,0.0
OVOBELE.BO,2025-08-07,130.85000610351562,130.85000610351562,4519,0.0
OVOBELE.BO,2025-08-08,124.3499984741211,124.3499984741211,1813,0.0
OVOBELE.BO,2025-08-11,121.6500015258789,121.6500015258789,12737,0.0
OVOBELE.BO,2025-08-12,117.25,117.25,6744,0.0
OVOBELE.BO,2025-08-13,119.5,119.5,4899,0.0
OVOBELE.BO,2025-08-14,113.55000305175781,113.55000305175781,10958,0.0
OVOBELE.BO,2025-08-18,114.55000305175781,114.55000305175781,8739,0.0
OVOBELE.BO,2025-08-19,120.0999984741211,120.0999984741211,5341,0.0
OVOBELE.BO,2025-08-20,121.69999694824219,121.69999694824219,1394,0.0
OVOBELE.BO,2025-08-21,117.6500015258789,117.6500015258789,4482,0.0
OVOBELE.BO,2025-08-22,123.5,123.5,30791,0.0
OVOBELE.BO,2025-08-25,129.64999389648438,129.64999389648438,2337,0.0
OVOBELE.BO,2025-08-26,136.10000610351562,136.10000610351562,18421,0.0
OVOBELE.BO,2025-08-28,141.0500030517578,141.0500030517578,16714,0.0
OVOBELE.BO,2025-08-29,147.35000610351562,147.35000610351562,19360,0.0
OVOBELE.BO,2025-09-01,162.0500030517578,162.0500030517578,18716,0.0
OVOBELE.BO,2025-09-02,166.9499969482422,166.9499969482422,30635,0.0
OVOBELE.BO,2025-09-03,170.25,170.25,14433,0.0
OVOBELE.BO,2025-09-04,169.0,169.0,20191,0.0
OVOBELE.BO,2025-09-05,163.0500030517578,163.0500030517578,21599,0.0
OVOBELE.BO,2025-09-08,146.75,146.75,20833,0.0
OVOBELE.BO,2025-09-09,153.89999389648438,153.89999389648438,34034,0.0
OVOBELE.BO,2025-09-10,159.3000030517578,159.3000030517578,11465,0.0
OVOBELE.BO,2025-09-11,158.4499969482422,158.4499969482422,6267,0.0
OVOBELE.BO,2025-09-12,150.14999389648438,150.14999389648438,8035,0.0
OVOBELE.BO,2025-09-15,152.39999389648438,152.39999389648438,2543,0.0
OVOBELE.BO,2025-09-16,153.35000610351562,153.35000610351562,2496,0.0
OVOBELE.BO,2025-09-17,148.85000610351562,148.85000610351562,5314,0.0
OVOBELE.BO,2025-09-18,149.60000610351562,149.60000610351562,3056,0.0
OVOBELE.BO,2025-09-19,153.1999969482422,153.1999969482422,6338,0.0
OVOBELE.BO,2025-09-22,152.39999389648438,152.39999389648438,3842,0.0
OVOBELE.BO,2025-09-23,149.0,149.0,3400,0.0
OVOBELE.BO,2025-09-24,143.3000030517578,143.3000030517578,5143,0.0
OVOBELE.BO,2025-09-25,144.9499969482422,144.9499969482422,2170,0.0
OVOBELE.BO,2025-09-26,142.10000610351562,142.10000610351562,2902,0.0
OVOBELE.BO,2025-09-29,139.3000030517578,139.3000030517578,2037,0.0
OVOBELE.BO,2025-09-30,144.89999389648438,144.89999389648438,2651,0.0
OVOBELE.BO,2025-10-01,140.0,140.0,5103,0.0
OVOBELE.BO,2025-10-03,137.0500030517578,137.0500030517578,3307,0.0
OVOBELE.BO,2025-10-06,142.64999389648438,142.64999389648438,11073,0.0
OVOBELE.BO,2025-10-07,137.5,137.5,8903,0.0
OVOBELE.BO,2025-10-08,132.10000610351562,132.10000610351562,6185,0.0
OVOBELE.BO,2025-10-09,139.14999389648438,139.14999389648438,7722,0.0
OVOBELE.BO,2025-10-10,141.0,141.0,1138,0.0
OVOBELE.BO,2025-10-13,142.10000610351562,142.10000610351562,5175,0.0
OVOBELE.BO,2025-10-14,137.14999389648438,137.14999389648438,5971,0.0
OVOBELE.BO,2025-10-15,134.1999969482422,134.1999969482422,1434,0.0
OVOBELE.BO,2025-10-16,134.5,134.5,2542,0.0
OVOBELE.BO,2025-10-17,139.9499969482422,139.9499969482422,4926,0.0
OVOBELE.BO,2025-10-20,136.39999389648438,136.39999389648438,1605,0.0
OVOBELE.BO,2025-10-21,143.0,143.0,3248,0.0
OVOBELE.BO,2025-10-23,145.0500030517578,145.0500030517578,11081,0.0
OVOBELE.BO,2025-10-24,138.35000610351562,138.35000610351562,8203,0.0
OVOBELE.BO,2025-10-27,137.25,137.25,1345,0.0
OVOBELE.BO,2025-10-28,136.8000030517578,136.8000030517578,2998,0.0
OVOBELE.BO,2025-10-29,153.64999389648438,153.64999389648438,23379,0.0
OVOBELE.BO,2025-10-30,169.89999389648438,169.89999389648438,62733,0.0
OVOBELE.BO,2025-10-31,167.5,167.5,14479,0.0
OVOBELE.BO,2025-11-03,164.0,164.0,15825,0.0
OVOBELE.BO,2025-11-04,161.5500030517578,161.5500030517578,8128,0.0
OVOBELE.BO,2025-11-06,158.35000610351562,158.35000610351562,6674,0.0
OVOBELE.BO,2025-11-07,164.60000610351562,164.60000610351562,8965,0.0
OVOBELE.BO,2025-11-10,169.89999389648438,169.89999389648438,14366,0.0
OVOBELE.BO,2025-11-11,170.1999969482422,170.1999969482422,9664,0.0
OVOBELE.BO,2025-11-12,172.9499969482422,172.9499969482422,16484,0.0
OVOBELE.BO,2025-11-13,173.85000610351562,173.85000610351562,14106,0.0
OVOBELE.BO,2025-11-14,174.9499969482422,174.9499969482422,9467,0.0
OVOBELE.BO,2025-11-17,194.60000610351562,194.60000610351562,98646,0.0
OVOBELE.BO,2025-11-18,185.3000030517578,185.3000030517578,11099,0.0
OVOBELE.BO,2025-11-19,183.6999969482422,183.6999969482422,15817,0.0
OVOBELE.BO,2025-11-20,186.14999389648438,186.14999389648438,5711,0.0
OVOBELE.BO,2025-11-21,196.4499969482422,196.4499969482422,23521,0.0
OVOBELE.BO,2025-11-24,196.14999389648438,196.14999389648438,12871,0.0
OVOBELE.BO,2025-11-25,195.60000610351562,195.60000610351562,3230,0.0
OVOBELE.BO,2025-11-26,187.9499969482422,187.9499969482422,15010,0.0
OVOBELE.BO,2025-11-27,188.85000610351562,188.85000610351562,2378,0.0
OVOBELE.BO,2025-11-28,188.0,188.0,7294,0.0
OVOBELE.BO,2025-12-01,190.0,190.0,2759,0.0
OVOBELE.BO,2025-12-02,190.9499969482422,190.9499969482422,7079,0.0
OVOBELE.BO,2025-12-03,190.5,190.5,21466,0.0
OVOBELE.BO,2025-12-04,188.39999389648438,188.39999389648438,6355,0.0
OVOBELE.BO,2025-12-05,189.85000610351562,189.85000610351562,4467,0.0
OVOBELE.BO,2025-12-08,174.3000030517578,174.3000030517578,15477,0.0
OVOBELE.BO,2025-12-09,182.39999389648438,182.39999389648438,11745,0.0
OVOBELE.BO,2025-12-10,187.0,187.0,8208,0.0
OVOBELE.BO,2025-12-11,189.0,189.0,3781,0.0
OVOBELE.BO,2025-12-12,186.0,186.0,6144,0.0
OVOBELE.BO,2025-12-15,188.9499969482422,188.9499969482422,8582,0.0
OVOBELE.BO,2025-12-16,187.6999969482422,187.6999969482422,9144,0.0
OVOBELE.BO,2025-12-17,182.75,182.75,5676,0.0
OVOBELE.BO,2025-12-18,186.5500030517578,186.5500030517578,5665,0.0
OVOBELE.BO,2025-12-19,186.25,186.25,3853,0.0
OVOBELE.BO,2025-12-22,186.89999389648438,186.89999389648438,3584,0.0
OVOBELE.BO,2025-12-23,187.1999969482422,187.1999969482422,4698,0.0
OVOBELE.BO,2025-12-24,187.60000610351562,187.60000610351562,7087,0.0
OVOBELE.BO,2025-12-26,193.5,193.5,16779,0.0
OVOBELE.BO,2025-12-29,203.5500030517578,203.5500030517578,34530,0.0
OVOBELE.BO,2025-12-30,202.6999969482422,202.6999969482422,10521,0.0
OVOBELE.BO,2025-12-31,204.64999389648438,204.64999389648438,5277,0.0
OVOBELE.BO,2026-01-01,192.0500030517578,192.0500030517578,16087,0.0
OVOBELE.BO,2026-01-02,200.1999969482422,200.1999969482422,6799,0.0
OVOBELE.BO,2026-01-05,181.9499969482422,181.9499969482422,15886,0.0
OVOBELE.BO,2026-01-06,172.64999389648438,172.64999389648438,28559,0.0
OVOBELE.BO,2026-01-07,172.85000610351562,172.85000610351562,5607,0.0
OVOBELE.BO,2026-01-08,173.75,173.75,5717,0.0
OVOBELE.BO,2026-01-09,178.10000610351562,178.10000610351562,16886,0.0
OVOBELE.BO,2026-01-12,169.6999969482422,169.6999969482422,6661,0.0
OVOBELE.BO,2026-01-13,168.5,168.5,8784,0.0
OVOBELE.BO,2026-01-14,170.89999389648438,170.89999389648438,4328,0.0
OVOBELE.BO,2026-01-16,159.8000030517578,159.8000030517578,14471,0.0
OVOBELE.BO,2026-01-19,149.8000030517578,149.8000030517578,10174,0.0
OVOBELE.BO,2026-01-20,152.1999969482422,152.1999969482422,7657,0.0
OVOBELE.BO,2026-01-21,146.39999389648438,146.39999389648438,6093,0.0
OVOBELE.BO,2026-01-22,147.35000610351562,147.35000610351562,7889,0.0
OVOBELE.BO,2026-01-23,146.4499969482422,146.4499969482422,3261,0.0
OVOBELE.BO,2026-01-27,155.0500030517578,155.0500030517578,5487,0.0
OVOBELE.BO,2026-01-28,172.1999969482422,172.1999969482422,20156,0.0
OVOBELE.BO,2026-01-29,174.14999389648438,174.14999389648438,9838,0.0
OVOBELE.BO,2026-01-30,170.0,170.0,2163,0.0
OVOBELE.BO,2026-02-02,164.4499969482422,164.4499969482422,1795,0.0
OVOBELE.BO,2026-02-03,169.6999969482422,169.6999969482422,2042,0.0
OVOBELE.BO,2026-02-04,173.8000030517578,173.8000030517578,2039,0.0
OVOBELE.BO,2026-02-05,169.9499969482422,169.9499969482422,1028,0.0
OVOBELE.BO,2026-02-06,169.6999969482422,169.6999969482422,5263,0.0
OVOBELE.BO,2026-02-09,174.25,174.25,3859,0.0
OVOBELE.BO,2026-02-10,181.9499969482422,181.9499969482422,15536,0.0
